ros_time,wall_time,cmd_vx,cmd_vy,cmd_wz,wheel_vx,wheel_vy,wheel_wz,icp_msg_age,icp_healthy,icp_frozen_count,icp_vx,icp_vy,icp_wz,icp_px,icp_py,icp_pyaw,icp_cov_xx,icp_cov_yy,icp_cov_aa,imu_wz,imu_cov,imu_msg_age,wheel_px,wheel_py,wheel_pyaw,amcl_px,amcl_py,amcl_pyaw,map2odom_x,map2odom_y,map2odom_yaw,particle_count,scan_valid_pts,scan_near_ratio,lf_mode,lf_error_deg,lf_center_count,lf_kanbujian,lf_vision_valid,lf_lane_tracks,lf_pair_valid,lf_pair_slope_diff,lf_half_width,lf_half_width_samples,lf_far_turn,lf_far_confidence,lf_far_points,lf_image_age,wz_sign_flip_event
1785480155.3668854,1785480155.3669062,0.0,0.0,0.0,0.0,0.0,0.0,-1.0,0,0,0.0,0.0,0.0,0.0,0.0,0.0,0.0,0.0,0.0,0.0,-1.0,-1.0,2.5025276510766337,-10.666090297612783,-2.1549964039986196,0.0,0.0,0.0,0.0,0.0,0.0,0,0,0.0,FAULT,-19.2,52,0,1,2,1,0.046,228.0,29,normal,0.119,5,0.02,0
1785480155.4184756,1785480155.4185197,0.0,0.0,0.0,0.0,0.0,0.0,-1.0,0,0,0.0,0.0,0.0,0.0,0.0,0.0,0.0,0.0,0.0,0.0,-1.0,-1.0,2.5025276510766337,-10.666090297612783,-2.1549964039986196,0.0,0.0,0.0,0.0,0.0,0.0,0,0,0.0,FAULT,-19.2,52,0,1,2,1,0.046,227.9,29,normal,0.119,5,0.01,0
1785480155.4672356,1785480155.4672494,0.0,0.0,0.0,0.0,0.0,0.0,-1.0,0,0,0.0,0.0,0.0,0.0,0.0,0.0,0.0,0.0,0.0,0.0,-1.0,-1.0,2.5025276510766337,-10.666090297612783,-2.1549964039986196,0.0,0.0,0.0,0.0,0.0,0.0,0,0,0.0,FAULT,-19.2,52,0,1,2,1,0.046,227.9,29,normal,0.119,5,0.02,0
1785480155.5165727,1785480155.5166025,0.0,0.0,0.0,0.0,0.0,0.0,-1.0,0,0,0.0,0.0,0.0,0.0,0.0,0.0,0.0,0.0,0.0,0.0,-1.0,-1.0,2.5025276510766337,-10.666090297612783,-2.1549964039986196,0.0,0.0,0.0,0.0,0.0,0.0,0,0,0.0,FAULT,-19.2,52,0,1,2,1,0.045,228.0,29,normal,0.119,5,0.03,0
1785480155.5670547,1785480155.5670848,0.0,0.0,0.0,0.0,0.0,0.0,-1.0,0,0,0.0,0.0,0.0,0.0,0.0,0.0,0.0,0.0,0.0,0.0,-1.0,-1.0,2.5025276510766337,-10.666090297612783,-2.1549964039986196,0.0,0.0,0.0,0.0,0.0,0.0,0,0,0.0,FAULT,-19.2,52,0,1,2,1,0.046,228.0,29,normal,0.119,5,0.01,0
1785480155.6190727,1785480155.6191037,0.0,0.0,0.0,0.0,0.0,0.0,-1.0,0,0,0.0,0.0,0.0,0.0,0.0,0.0,0.0,0.0,0.0,0.0,-1.0,-1.0,2.5025276510766337,-10.666090297612783,-2.1549964039986196,0.0,0.0,0.0,0.0,0.0,0.0,0,0,0.0,FAULT,-19.2,52,0,1,2,1,0.049,228.0,29,normal,0.119,5,0.03,0
1785480155.6667688,1785480155.6667995,0.0,0.0,0.0,0.0,0.0,0.0,-1.0,0,0,0.0,0.0,0.0,0.0,0.0,0.0,0.0,0.0,0.0,0.0,-1.0,-1.0,2.5025276510766337,-10.666090297612783,-2.1549964039986196,0.0,0.0,0.0,0.0,0.0,0.0,0,0,0.0,FAULT,-19.2,52,0,1,2,1,0.045,227.9,29,normal,0.119,5,0.02,0
1785480155.7200963,1785480155.7201297,0.0,0.0,0.0,0.0,0.0,0.0,-1.0,0,0,0.0,0.0,0.0,0.0,0.0,0.0,0.0,0.0,0.0,0.0,-1.0,-1.0,2.5025276510766337,-10.666090297612783,-2.1549964039986196,0.0,0.0,0.0,0.0,0.0,0.0,0,0,0.0,FAULT,-19.2,52,0,1,2,1,0.045,228.0,29,normal,0.119,5,0.03,0
1785480155.7682288,1785480155.7682593,0.0,0.0,0.0,0.0,0.0,0.0,-1.0,0,0,0.0,0.0,0.0,0.0,0.0,0.0,0.0,0.0,0.0,0.0,-1.0,-1.0,2.5025276510766337,-10.666090297612783,-2.1549964039986196,0.0,0.0,0.0,0.0,0.0,0.0,0,0,0.0,FAULT,-19.2,52,0,1,2,1,0.046,228.0,29,normal,0.119,5,0.02,0
1785480155.8191593,1785480155.8191905,0.0,0.0,0.0,0.0,0.0,0.0,-1.0,0,0,0.0,0.0,0.0,0.0,0.0,0.0,0.0,0.0,0.0,0.0,-1.0,-1.0,2.5025276510766337,-10.666090297612783,-2.1549964039986196,0.0,0.0,0.0,0.0,0.0,0.0,0,0,0.0,FAULT,-19.2,52,0,1,2,1,0.045,228.0,29,normal,0.119,5,0.04,0
1785480155.8680758,1785480155.8681161,0.0,0.0,0.0,0.0,0.0,0.0,-1.0,0,0,0.0,0.0,0.0,0.0,0.0,0.0,0.0,0.0,0.0,0.0,-1.0,-1.0,2.5025276510766337,-10.666090297612783,-2.1549964039986196,0.0,0.0,0.0,0.0,0.0,0.0,0,0,0.0,FAULT,-19.2,52,0,1,2,1,0.045,228.0,29,normal,0.119,5,0.02,0
1785480155.9162896,1785480155.9163034,0.0,0.0,0.0,0.0,0.0,0.0,-1.0,0,0,0.0,0.0,0.0,0.0,0.0,0.0,0.0,0.0,0.0,0.0,-1.0,-1.0,2.5025276510766337,-10.666090297612783,-2.1549964039986196,0.0,0.0,0.0,0.0,0.0,0.0,0,0,0.0,FAULT,-19.2,52,0,1,2,1,0.045,227.9,29,normal,0.119,5,0.04,0
1785480155.9673352,1785480155.9674127,0.0,0.0,0.0,0.0,0.0,0.0,-1.0,0,0,0.0,0.0,0.0,0.0,0.0,0.0,0.0,0.0,0.0,0.0,-1.0,-1.0,2.5025276510766337,-10.666090297612783,-2.1549964039986196,0.0,0.0,0.0,0.0,0.0,0.0,0,0,0.0,FAULT,-19.2,52,0,1,2,1,0.047,227.9,29,normal,0.119,5,0.02,0
1785480156.0165315,1785480156.0165434,0.0,0.0,0.0,0.0,0.0,0.0,-1.0,0,0,0.0,0.0,0.0,0.0,0.0,0.0,0.0,0.0,0.0,0.0,-1.0,-1.0,2.5025276510766337,-10.666090297612783,-2.1549964039986196,0.0,0.0,0.0,0.0,0.0,0.0,0,0,0.0,FAULT,-19.2,52,0,1,2,1,0.045,227.9,29,normal,0.119,5,0.01,0
1785480156.0729547,1785480156.0730257,0.0,0.0,0.0,0.0,0.0,0.0,-1.0,0,0,0.0,0.0,0.0,0.0,0.0,0.0,0.0,0.0,0.0,0.0,-1.0,-1.0,2.5025276510766337,-10.666090297612783,-2.1549964039986196,0.0,0.0,0.0,0.0,0.0,0.0,0,0,0.0,FAULT,-19.2,52,0,1,2,1,0.045,228.0,29,normal,0.119,5,0.02,0
1785480156.1229208,1785480156.1229606,0.0,0.0,0.0,0.0,0.0,0.0,-1.0,0,0,0.0,0.0,0.0,0.0,0.0,0.0,0.0,0.0,0.0,0.0,-1.0,-1.0,2.5025276510766337,-10.666090297612783,-2.1549964039986196,0.0,0.0,0.0,0.0,0.0,0.0,0,0,0.0,FAULT,-19.2,52,0,1,2,1,0.044,228.0,29,normal,0.119,5,0.01,0
1785480156.1772282,1785480156.177249,0.0,0.0,0.0,0.0,0.0,0.0,-1.0,0,0,0.0,0.0,0.0,0.0,0.0,0.0,0.0,0.0,0.0,0.0,-1.0,-1.0,2.5025276510766337,-10.666090297612783,-2.1549964039986196,0.0,0.0,0.0,0.0,0.0,0.0,0,0,0.0,FAULT,-19.2,52,0,1,2,1,0.046,227.9,29,normal,0.119,5,0.02,0
1785480156.2236834,1785480156.223692,0.0,0.0,0.0,0.0,0.0,0.0,-1.0,0,0,0.0,0.0,0.0,0.0,0.0,0.0,0.0,0.0,0.0,0.0,-1.0,-1.0,2.5025276510766337,-10.666090297612783,-2.1549964039986196,0.0,0.0,0.0,0.0,0.0,0.0,0,0,0.0,FAULT,-19.2,52,0,1,2,1,0.044,228.0,29,normal,0.119,5,0.01,0
1785480156.2733614,1785480156.2733753,0.0,0.0,0.0,0.0,0.0,0.0,-1.0,0,0,0.0,0.0,0.0,0.0,0.0,0.0,0.0,0.0,0.0,0.0,-1.0,-1.0,2.5025276510766337,-10.666090297612783,-2.1549964039986196,0.0,0.0,0.0,0.0,0.0,0.0,0,0,0.0,FAULT,-19.2,52,0,1,2,1,0.043,227.9,29,normal,0.119,5,0.02,0
1785480156.3188167,1785480156.318886,0.0,0.0,0.0,0.0,0.0,0.0,-1.0,0,0,0.0,0.0,0.0,0.0,0.0,0.0,0.0,0.0,0.0,0.0,-1.0,-1.0,2.5025276510766337,-10.666090297612783,-2.1549964039986196,0.0,0.0,0.0,0.0,0.0,0.0,0,0,0.0,FAULT,-19.2,52,0,1,2,1,0.044,227.9,29,normal,0.119,5,0.0,0
1785480156.3709326,1785480156.3709977,0.0,0.0,0.0,0.0,0.0,0.0,-1.0,0,0,0.0,0.0,0.0,0.0,0.0,0.0,0.0,0.0,0.0,0.0,-1.0,-1.0,2.5025276510766337,-10.666090297612783,-2.1549964039986196,0.0,0.0,0.0,0.0,0.0,0.0,0,0,0.0,FAULT,-19.2,52,0,1,2,1,0.046,228.0,29,normal,0.119,5,0.02,0
1785480156.4173028,1785480156.417311,0.0,0.0,0.0,0.0,0.0,0.0,-1.0,0,0,0.0,0.0,0.0,0.0,0.0,0.0,0.0,0.0,0.0,0.0,-1.0,-1.0,2.5025276510766337,-10.666090297612783,-2.1549964039986196,0.0,0.0,0.0,0.0,0.0,0.0,0,0,0.0,FAULT,-19.2,52,0,1,2,1,0.045,228.0,29,normal,0.119,5,0.03,0
1785480156.4664602,1785480156.466492,0.0,0.0,0.0,0.0,0.0,0.0,-1.0,0,0,0.0,0.0,0.0,0.0,0.0,0.0,0.0,0.0,0.0,0.0,-1.0,-1.0,2.5025276510766337,-10.666090297612783,-2.1549964039986196,0.0,0.0,0.0,0.0,0.0,0.0,0,0,0.0,FAULT,-19.2,52,0,1,2,1,0.044,228.0,29,normal,0.119,5,0.01,0
1785480156.5163565,1785480156.5163784,0.0,0.0,0.0,0.0,0.0,0.0,-1.0,0,0,0.0,0.0,0.0,0.0,0.0,0.0,0.0,0.0,0.0,0.0,-1.0,-1.0,2.5025276510766337,-10.666090297612783,-2.1549964039986196,0.0,0.0,0.0,0.0,0.0,0.0,0,0,0.0,FAULT,-19.2,52,0,1,2,1,0.046,228.0,29,normal,0.119,5,0.03,0
1785480156.5683608,1785480156.5684042,0.0,0.0,0.0,0.0,0.0,0.0,-1.0,0,0,0.0,0.0,0.0,0.0,0.0,0.0,0.0,0.0,0.0,0.0,-1.0,-1.0,2.5025276510766337,-10.666090297612783,-2.1549964039986196,0.0,0.0,0.0,0.0,0.0,0.0,0,0,0.0,FAULT,-19.2,52,0,1,2,1,0.046,227.9,29,normal,0.119,5,0.02,0
1785480156.6164916,1785480156.6165092,0.0,0.0,0.0,0.0,0.0,0.0,-1.0,0,0,0.0,0.0,0.0,0.0,0.0,0.0,0.0,0.0,0.0,0.0,-1.0,-1.0,2.5025276510766337,-10.666090297612783,-2.1549964039986196,0.0,0.0,0.0,0.0,0.0,0.0,0,0,0.0,FAULT,-19.2,52,0,1,2,1,0.044,227.9,29,normal,0.119,5,0.03,0
1785480156.6671383,1785480156.6672058,0.0,0.0,0.0,0.0,0.0,0.0,-1.0,0,0,0.0,0.0,0.0,0.0,0.0,0.0,0.0,0.0,0.0,0.0,-1.0,-1.0,2.5025276510766337,-10.666090297612783,-2.1549964039986196,0.0,0.0,0.0,0.0,0.0,0.0,0,0,0.0,FAULT,-19.2,52,0,1,2,1,0.046,228.0,29,normal,0.119,5,0.02,0
1785480156.71646,1785480156.716504,0.0,0.0,0.0,0.0,0.0,0.0,-1.0,0,0,0.0,0.0,0.0,0.0,0.0,0.0,0.0,0.0,0.0,0.0,-1.0,-1.0,2.5025276510766337,-10.666090297612783,-2.1549964039986196,0.0,0.0,0.0,0.0,0.0,0.0,0,0,0.0,FAULT,-19.2,52,0,1,2,1,0.045,228.0,29,normal,0.119,5,0.03,0
1785480156.7677097,1785480156.7683964,0.0,0.0,0.0,0.0,0.0,0.0,-1.0,0,0,0.0,0.0,0.0,0.0,0.0,0.0,0.0,0.0,0.0,0.0,-1.0,-1.0,2.5025276510766337,-10.666090297612783,-2.1549964039986196,0.0,0.0,0.0,0.0,0.0,0.0,0,0,0.0,FAULT,-19.2,52,0,1,2,1,0.046,228.0,29,normal,0.119,5,0.02,0
1785480156.816454,1785480156.8164883,0.0,0.0,0.0,0.0,0.0,0.0,-1.0,0,0,0.0,0.0,0.0,0.0,0.0,0.0,0.0,0.0,0.0,0.0,-1.0,-1.0,2.5025276510766337,-10.666090297612783,-2.1549964039986196,0.0,0.0,0.0,0.0,0.0,0.0,0,0,0.0,FAULT,-19.2,52,0,1,2,1,0.046,228.0,29,normal,0.119,5,0.03,0
1785480156.8673174,1785480156.867407,0.0,0.0,0.0,0.0,0.0,0.0,-1.0,0,0,0.0,0.0,0.0,0.0,0.0,0.0,0.0,0.0,0.0,0.0,-1.0,-1.0,2.5025276510766337,-10.666090297612783,-2.1549964039986196,0.0,0.0,0.0,0.0,0.0,0.0,0,0,0.0,FAULT,-19.2,52,0,1,2,1,0.045,228.0,29,normal,0.119,5,0.02,0
1785480156.918581,1785480156.9186049,0.0,0.0,0.0,0.0,0.0,0.0,-1.0,0,0,0.0,0.0,0.0,0.0,0.0,0.0,0.0,0.0,0.0,0.0,-1.0,-1.0,2.5025276510766337,-10.666090297612783,-2.1549964039986196,0.0,0.0,0.0,0.0,0.0,0.0,0,0,0.0,FAULT,-19.2,52,0,1,2,1,0.044,228.0,29,normal,0.119,5,0.03,0
1785480156.9675486,1785480156.967581,0.0,0.0,0.0,0.0,0.0,0.0,-1.0,0,0,0.0,0.0,0.0,0.0,0.0,0.0,0.0,0.0,0.0,0.0,-1.0,-1.0,2.5025276510766337,-10.666090297612783,-2.1549964039986196,0.0,0.0,0.0,0.0,0.0,0.0,0,0,0.0,FAULT,-19.2,52,0,1,2,1,0.044,228.0,29,normal,0.119,5,0.01,0
1785480157.0175626,1785480157.0175815,0.0,0.0,0.0,0.0,0.0,0.0,-1.0,0,0,0.0,0.0,0.0,0.0,0.0,0.0,0.0,0.0,0.0,0.0,-1.0,-1.0,2.5025276510766337,-10.666090297612783,-2.1549964039986196,0.0,0.0,0.0,0.0,0.0,0.0,0,0,0.0,FAULT,-19.2,52,0,1,2,1,0.047,227.9,29,normal,0.119,5,0.03,0
1785480157.0665762,1785480157.066599,0.0,0.0,0.0,0.0,0.0,0.0,-1.0,0,0,0.0,0.0,0.0,0.0,0.0,0.0,0.0,0.0,0.0,0.0,-1.0,-1.0,2.5025276510766337,-10.666090297612783,-2.1549964039986196,0.0,0.0,0.0,0.0,0.0,0.0,0,0,0.0,FAULT,-19.2,52,0,1,2,1,0.045,228.0,29,normal,0.119,5,0.02,0
1785480157.1164672,1785480157.116502,0.0,0.0,0.0,0.0,0.0,0.0,-1.0,0,0,0.0,0.0,0.0,0.0,0.0,0.0,0.0,0.0,0.0,0.0,-1.0,-1.0,2.5025276510766337,-10.666090297612783,-2.1549964039986196,0.0,0.0,0.0,0.0,0.0,0.0,0,0,0.0,FAULT,-19.2,52,0,1,2,1,0.044,227.9,29,normal,0.119,5,0.03,0
1785480157.1669128,1785480157.1670039,0.0,0.0,0.0,0.0,0.0,0.0,-1.0,0,0,0.0,0.0,0.0,0.0,0.0,0.0,0.0,0.0,0.0,0.0,-1.0,-1.0,2.5025276510766337,-10.666090297612783,-2.1549964039986196,0.0,0.0,0.0,0.0,0.0,0.0,0,0,0.0,FAULT,-19.2,52,0,1,2,1,0.045,228.0,29,normal,0.119,5,0.02,0
1785480157.2163,1785480157.2163098,0.0,0.0,0.0,0.0,0.0,0.0,-1.0,0,0,0.0,0.0,0.0,0.0,0.0,0.0,0.0,0.0,0.0,0.0,-1.0,-1.0,2.5025276510766337,-10.666090297612783,-2.1549964039986196,0.0,0.0,0.0,0.0,0.0,0.0,0,0,0.0,FAULT,-19.2,52,0,1,2,1,0.046,227.9,29,normal,0.119,5,0.03,0
1785480157.2666864,1785480157.2667441,0.0,0.0,0.0,0.0,0.0,0.0,-1.0,0,0,0.0,0.0,0.0,0.0,0.0,0.0,0.0,0.0,0.0,0.0,-1.0,-1.0,2.5025276510766337,-10.666090297612783,-2.1549964039986196,0.0,0.0,0.0,0.0,0.0,0.0,0,0,0.0,FAULT,-19.2,52,0,1,2,1,0.043,228.0,29,normal,0.119,5,0.01,0
1785480157.3166218,1785480157.3166628,0.0,0.0,0.0,0.0,0.0,0.0,-1.0,0,0,0.0,0.0,0.0,0.0,0.0,0.0,0.0,0.0,0.0,0.0,-1.0,-1.0,2.5025276510766337,-10.666090297612783,-2.1549964039986196,0.0,0.0,0.0,0.0,0.0,0.0,0,0,0.0,FAULT,-19.2,52,0,1,2,1,0.044,228.0,29,normal,0.119,5,0.03,0
1785480157.3662553,1785480157.3662686,0.0,0.0,0.0,0.0,0.0,0.0,-1.0,0,0,0.0,0.0,0.0,0.0,0.0,0.0,0.0,0.0,0.0,0.0,-1.0,-1.0,2.5025276510766337,-10.666090297612783,-2.1549964039986196,0.0,0.0,0.0,0.0,0.0,0.0,0,0,0.0,FAULT,-19.2,52,0,1,2,1,0.043,227.9,29,normal,0.119,5,0.01,0
1785480157.4162624,1785480157.4162734,0.0,0.0,0.0,0.0,0.0,0.0,-1.0,0,0,0.0,0.0,0.0,0.0,0.0,0.0,0.0,0.0,0.0,0.0,-1.0,-1.0,2.5025276510766337,-10.666090297612783,-2.1549964039986196,0.0,0.0,0.0,0.0,0.0,0.0,0,0,0.0,FAULT,-19.2,52,0,1,2,1,0.045,227.9,29,normal,0.119,5,0.01,0
1785480157.466347,1785480157.4663584,0.0,0.0,0.0,0.0,0.0,0.0,-1.0,0,0,0.0,0.0,0.0,0.0,0.0,0.0,0.0,0.0,0.0,0.0,-1.0,-1.0,2.5025276510766337,-10.666090297612783,-2.1549964039986196,0.0,0.0,0.0,0.0,0.0,0.0,0,0,0.0,FAULT,-19.2,52,0,1,2,1,0.045,228.0,29,normal,0.119,5,0.02,0
1785480157.516475,1785480157.5165079,0.0,0.0,0.0,0.0,0.0,0.0,-1.0,0,0,0.0,0.0,0.0,0.0,0.0,0.0,0.0,0.0,0.0,0.0,-1.0,-1.0,2.5025276510766337,-10.666090297612783,-2.1549964039986196,0.0,0.0,0.0,0.0,0.0,0.0,0,0,0.0,FAULT,-19.2,52,0,1,2,1,0.042,228.0,29,normal,0.119,5,0.03,0
1785480157.5669746,1785480157.5670214,0.0,0.0,0.0,0.0,0.0,0.0,-1.0,0,0,0.0,0.0,0.0,0.0,0.0,0.0,0.0,0.0,0.0,0.0,-1.0,-1.0,2.5025276510766337,-10.666090297612783,-2.1549964039986196,0.0,0.0,0.0,0.0,0.0,0.0,0,0,0.0,FAULT,-19.2,52,0,1,2,1,0.046,228.0,29,normal,0.119,5,0.01,0
1785480157.620332,1785480157.6203632,0.0,0.0,0.0,0.0,0.0,0.0,-1.0,0,0,0.0,0.0,0.0,0.0,0.0,0.0,0.0,0.0,0.0,0.0,-1.0,-1.0,2.5025276510766337,-10.666090297612783,-2.1549964039986196,0.0,0.0,0.0,0.0,0.0,0.0,0,0,0.0,FAULT,-19.2,52,0,1,2,1,0.045,228.0,29,normal,0.119,5,0.03,0
1785480157.6690278,1785480157.6690624,0.0,0.0,0.0,0.0,0.0,0.0,-1.0,0,0,0.0,0.0,0.0,0.0,0.0,0.0,0.0,0.0,0.0,0.0,-1.0,-1.0,2.5025276510766337,-10.666090297612783,-2.1549964039986196,0.0,0.0,0.0,0.0,0.0,0.0,0,0,0.0,FAULT,-19.2,52,0,1,2,1,0.046,228.0,29,normal,0.119,5,0.01,0
1785480157.718212,1785480157.7182252,0.0,0.0,0.0,0.0,0.0,0.0,-1.0,0,0,0.0,0.0,0.0,0.0,0.0,0.0,0.0,0.0,0.0,0.0,-1.0,-1.0,2.5025276510766337,-10.666090297612783,-2.1549964039986196,0.0,0.0,0.0,0.0,0.0,0.0,0,0,0.0,FAULT,-19.2,52,0,1,2,1,0.045,227.9,29,normal,0.119,5,0.03,0
1785480157.7662148,1785480157.7662244,0.0,0.0,0.0,0.0,0.0,0.0,-1.0,0,0,0.0,0.0,0.0,0.0,0.0,0.0,0.0,0.0,0.0,0.0,-1.0,-1.0,2.5025276510766337,-10.666090297612783,-2.1549964039986196,0.0,0.0,0.0,0.0,0.0,0.0,0,0,0.0,FAULT,-19.2,52,0,1,2,1,0.046,228.0,29,normal,0.119,5,0.01,0
1785480157.816369,1785480157.8163824,0.0,0.0,0.0,0.0,0.0,0.0,-1.0,0,0,0.0,0.0,0.0,0.0,0.0,0.0,0.0,0.0,0.0,0.0,-1.0,-1.0,2.5025276510766337,-10.666090297612783,-2.1549964039986196,0.0,0.0,0.0,0.0,0.0,0.0,0,0,0.0,FAULT,-19.2,52,0,1,2,1,0.044,228.0,29,normal,0.119,5,0.03,0
1785480157.8664107,1785480157.8664532,0.0,0.0,0.0,0.0,0.0,0.0,-1.0,0,0,0.0,0.0,0.0,0.0,0.0,0.0,0.0,0.0,0.0,0.0,-1.0,-1.0,2.5025276510766337,-10.666090297612783,-2.1549964039986196,0.0,0.0,0.0,0.0,0.0,0.0,0,0,0.0,FAULT,-19.2,52,0,1,2,1,0.045,228.0,29,normal,0.119,5,0.02,0
1785480157.9178662,1785480157.9178846,0.0,0.0,0.0,0.0,0.0,0.0,-1.0,0,0,0.0,0.0,0.0,0.0,0.0,0.0,0.0,0.0,0.0,0.0,-1.0,-1.0,2.5025276510766337,-10.666090297612783,-2.1549964039986196,0.0,0.0,0.0,0.0,0.0,0.0,0,0,0.0,FAULT,-19.2,52,0,1,2,1,0.047,228.0,29,normal,0.119,5,0.0,0
1785480157.9705055,1785480157.9705484,0.0,0.0,0.0,0.0,0.0,0.0,-1.0,0,0,0.0,0.0,0.0,0.0,0.0,0.0,0.0,0.0,0.0,0.0,-1.0,-1.0,2.5025276510766337,-10.666090297612783,-2.1549964039986196,0.0,0.0,0.0,0.0,0.0,0.0,0,0,0.0,FAULT,-19.2,52,0,1,2,1,0.046,227.9,29,normal,0.119,5,0.02,0
1785480158.019971,1785480158.0200016,0.0,0.0,0.0,0.0,0.0,0.0,-1.0,0,0,0.0,0.0,0.0,0.0,0.0,0.0,0.0,0.0,0.0,0.0,-1.0,-1.0,2.5025276510766337,-10.666090297612783,-2.1549964039986196,0.0,0.0,0.0,0.0,0.0,0.0,0,0,0.0,FAULT,-19.2,52,0,1,2,1,0.045,228.0,29,normal,0.119,5,0.04,0
1785480158.0720108,1785480158.0720475,0.0,0.0,0.0,0.0,0.0,0.0,-1.0,0,0,0.0,0.0,0.0,0.0,0.0,0.0,0.0,0.0,0.0,0.0,-1.0,-1.0,2.5025276510766337,-10.666090297612783,-2.1549964039986196,0.0,0.0,0.0,0.0,0.0,0.0,0,0,0.0,FAULT,-19.2,52,0,1,2,1,0.046,228.0,29,normal,0.119,5,0.02,0
1785480158.1181684,1785480158.1181836,0.0,0.0,0.0,0.0,0.0,0.0,-1.0,0,0,0.0,0.0,0.0,0.0,0.0,0.0,0.0,0.0,0.0,0.0,-1.0,-1.0,2.5025276510766337,-10.666090297612783,-2.1549964039986196,0.0,0.0,0.0,0.0,0.0,0.0,0,0,0.0,FAULT,-19.2,52,0,1,2,1,0.047,227.9,29,normal,0.119,5,0.0,0
1785480158.1685143,1785480158.1685317,0.0,0.0,0.0,0.0,0.0,0.0,-1.0,0,0,0.0,0.0,0.0,0.0,0.0,0.0,0.0,0.0,0.0,0.0,-1.0,-1.0,2.5025276510766337,-10.666090297612783,-2.1549964039986196,0.0,0.0,0.0,0.0,0.0,0.0,0,0,0.0,FAULT,-19.2,52,0,1,2,1,0.044,228.0,29,normal,0.119,5,0.02,0
1785480158.221493,1785480158.2215607,0.0,0.0,0.0,0.0,0.0,0.0,-1.0,0,0,0.0,0.0,0.0,0.0,0.0,0.0,0.0,0.0,0.0,0.0,-1.0,-1.0,2.5025276510766337,-10.666090297612783,-2.1549964039986196,0.0,0.0,0.0,0.0,0.0,0.0,0,0,0.0,FAULT,-19.2,52,0,1,2,1,0.045,228.0,29,normal,0.119,5,0.01,0
1785480158.271273,1785480158.2712822,0.0,0.0,0.0,0.0,0.0,0.0,-1.0,0,0,0.0,0.0,0.0,0.0,0.0,0.0,0.0,0.0,0.0,0.0,-1.0,-1.0,2.5025276510766337,-10.666090297612783,-2.1549964039986196,0.0,0.0,0.0,0.0,0.0,0.0,0,0,0.0,FAULT,-19.2,52,0,1,2,1,0.044,228.0,29,normal,0.119,5,0.02,0
1785480158.318468,1785480158.318482,0.0,0.0,0.0,0.0,0.0,0.0,-1.0,0,0,0.0,0.0,0.0,0.0,0.0,0.0,0.0,0.0,0.0,0.0,-1.0,-1.0,2.5025276510766337,-10.666090297612783,-2.1549964039986196,0.0,0.0,0.0,0.0,0.0,0.0,0,0,0.0,FAULT,-19.2,52,0,1,2,1,0.044,227.9,29,normal,0.119,5,0.04,0
1785480158.37167,1785480158.3717227,0.0,0.0,0.0,0.0,0.0,0.0,-1.0,0,0,0.0,0.0,0.0,0.0,0.0,0.0,0.0,0.0,0.0,0.0,-1.0,-1.0,2.5025276510766337,-10.666090297612783,-2.1549964039986196,0.0,0.0,0.0,0.0,0.0,0.0,0,0,0.0,FAULT,-19.2,52,0,1,2,1,0.045,227.9,29,normal,0.119,5,0.02,0
1785480158.419877,1785480158.4198942,0.0,0.0,0.0,0.0,0.0,0.0,-1.0,0,0,0.0,0.0,0.0,0.0,0.0,0.0,0.0,0.0,0.0,0.0,-1.0,-1.0,2.5025276510766337,-10.666090297612783,-2.1549964039986196,0.0,0.0,0.0,0.0,0.0,0.0,0,0,0.0,FAULT,-19.2,52,0,1,2,1,0.046,228.0,29,normal,0.119,5,0.01,0
1785480158.4724023,1785480158.472421,0.0,0.0,0.0,0.0,0.0,0.0,-1.0,0,0,0.0,0.0,0.0,0.0,0.0,0.0,0.0,0.0,0.0,0.0,-1.0,-1.0,2.5025276510766337,-10.666090297612783,-2.1549964039986196,0.0,0.0,0.0,0.0,0.0,0.0,0,0,0.0,FAULT,-19.2,52,0,1,2,1,0.045,228.0,29,normal,0.119,5,0.02,0
1785480158.5197067,1785480158.519776,0.0,0.0,0.0,0.0,0.0,0.0,-1.0,0,0,0.0,0.0,0.0,0.0,0.0,0.0,0.0,0.0,0.0,0.0,-1.0,-1.0,2.5025276510766337,-10.666090297612783,-2.1549964039986196,0.0,0.0,0.0,0.0,0.0,0.0,0,0,0.0,FAULT,-19.2,52,0,1,2,1,0.045,227.9,29,normal,0.119,5,0.03,0
1785480158.56897,1785480158.5689986,0.0,0.0,0.0,0.0,0.0,0.0,-1.0,0,0,0.0,0.0,0.0,0.0,0.0,0.0,0.0,0.0,0.0,0.0,-1.0,-1.0,2.5025276510766337,-10.666090297612783,-2.1549964039986196,0.0,0.0,0.0,0.0,0.0,0.0,0,0,0.0,FAULT,-19.2,52,0,1,2,1,0.044,228.0,29,normal,0.119,5,0.02,0
1785480158.6176364,1785480158.6176472,0.0,0.0,0.0,0.0,0.0,0.0,-1.0,0,0,0.0,0.0,0.0,0.0,0.0,0.0,0.0,0.0,0.0,0.0,-1.0,-1.0,2.5025276510766337,-10.666090297612783,-2.1549964039986196,0.0,0.0,0.0,0.0,0.0,0.0,0,0,0.0,FAULT,-19.2,52,0,1,2,1,0.046,228.0,29,normal,0.119,5,0.03,0
1785480158.6666062,1785480158.6666427,0.0,0.0,0.0,0.0,0.0,0.0,-1.0,0,0,0.0,0.0,0.0,0.0,0.0,0.0,0.0,0.0,0.0,0.0,-1.0,-1.0,2.5025276510766337,-10.666090297612783,-2.1549964039986196,0.0,0.0,0.0,0.0,0.0,0.0,0,0,0.0,FAULT,-19.2,52,0,1,2,1,0.046,227.9,29,normal,0.119,5,0.02,0
1785480158.7164817,1785480158.716517,0.0,0.0,0.0,0.0,0.0,0.0,-1.0,0,0,0.0,0.0,0.0,0.0,0.0,0.0,0.0,0.0,0.0,0.0,-1.0,-1.0,2.5025276510766337,-10.666090297612783,-2.1549964039986196,0.0,0.0,0.0,0.0,0.0,0.0,0,0,0.0,FAULT,-19.2,52,0,1,2,1,0.044,228.0,29,normal,0.119,5,0.03,0
1785480158.7666593,1785480158.7666895,0.0,0.0,0.0,0.0,0.0,0.0,-1.0,0,0,0.0,0.0,0.0,0.0,0.0,0.0,0.0,0.0,0.0,0.0,-1.0,-1.0,2.5025276510766337,-10.666090297612783,-2.1549964039986196,0.0,0.0,0.0,0.0,0.0,0.0,0,0,0.0,FAULT,-19.2,52,0,1,2,1,0.044,228.0,29,normal,0.119,5,0.01,0
1785480158.816332,1785480158.816343,0.0,0.0,0.0,0.0,0.0,0.0,-1.0,0,0,0.0,0.0,0.0,0.0,0.0,0.0,0.0,0.0,0.0,0.0,-1.0,-1.0,2.5025276510766337,-10.666090297612783,-2.1549964039986196,0.0,0.0,0.0,0.0,0.0,0.0,0,0,0.0,FAULT,-19.2,52,0,1,2,1,0.045,228.0,29,normal,0.119,5,0.03,0
1785480158.8662755,1785480158.866295,0.0,0.0,0.0,0.0,0.0,0.0,-1.0,0,0,0.0,0.0,0.0,0.0,0.0,0.0,0.0,0.0,0.0,0.0,-1.0,-1.0,2.5025276510766337,-10.666090297612783,-2.1549964039986196,0.0,0.0,0.0,0.0,0.0,0.0,0,0,0.0,FAULT,-19.2,52,0,1,2,1,0.045,228.0,29,normal,0.119,5,0.02,0
1785480158.917226,1785480158.917258,0.0,0.0,0.0,0.0,0.0,0.0,-1.0,0,0,0.0,0.0,0.0,0.0,0.0,0.0,0.0,0.0,0.0,0.0,-1.0,-1.0,2.5025276510766337,-10.666090297612783,-2.1549964039986196,0.0,0.0,0.0,0.0,0.0,0.0,0,0,0.0,FAULT,-19.2,52,0,1,2,1,0.045,228.0,29,normal,0.119,5,0.03,0
1785480158.9710126,1785480158.9710937,0.0,0.0,0.0,0.0,0.0,0.0,-1.0,0,0,0.0,0.0,0.0,0.0,0.0,0.0,0.0,0.0,0.0,0.0,-1.0,-1.0,2.5025276510766337,-10.666090297612783,-2.1549964039986196,0.0,0.0,0.0,0.0,0.0,0.0,0,0,0.0,FAULT,-19.2,52,0,1,2,1,0.048,227.9,29,normal,0.119,5,0.02,0
1785480159.0223699,1785480159.0224006,0.0,0.0,0.0,0.0,0.0,0.0,-1.0,0,0,0.0,0.0,0.0,0.0,0.0,0.0,0.0,0.0,0.0,0.0,-1.0,-1.0,2.5025276510766337,-10.666090297612783,-2.1549964039986196,0.0,0.0,0.0,0.0,0.0,0.0,0,0,0.0,FAULT,-19.2,52,0,1,2,1,0.045,228.0,29,normal,0.119,5,0.0,0
1785480159.068653,1785480159.0686767,0.0,0.0,0.0,0.0,0.0,0.0,-1.0,0,0,0.0,0.0,0.0,0.0,0.0,0.0,0.0,0.0,0.0,0.0,-1.0,-1.0,2.5025276510766337,-10.666090297612783,-2.1549964039986196,0.0,0.0,0.0,0.0,0.0,0.0,0,0,0.0,FAULT,-19.2,52,0,1,2,1,0.046,227.9,29,normal,0.119,5,0.02,0
1785480159.1198604,1785480159.1198893,0.0,0.0,0.0,0.0,0.0,0.0,-1.0,0,0,0.0,0.0,0.0,0.0,0.0,0.0,0.0,0.0,0.0,0.0,-1.0,-1.0,2.5025276510766337,-10.666090297612783,-2.1549964039986196,0.0,0.0,0.0,0.0,0.0,0.0,0,0,0.0,FAULT,-19.2,52,0,1,2,1,0.046,228.0,29,normal,0.119,5,0.03,0
1785480159.1682205,1785480159.168252,0.0,0.0,0.0,0.0,0.0,0.0,-1.0,0,0,0.0,0.0,0.0,0.0,0.0,0.0,0.0,0.0,0.0,0.0,-1.0,-1.0,2.5025276510766337,-10.666090297612783,-2.1549964039986196,0.0,0.0,0.0,0.0,0.0,0.0,0,0,0.0,FAULT,-19.2,52,0,1,2,1,0.045,228.0,29,normal,0.119,5,0.01,0
1785480159.2184274,1785480159.2184596,0.0,0.0,0.0,0.0,0.0,0.0,-1.0,0,0,0.0,0.0,0.0,0.0,0.0,0.0,0.0,0.0,0.0,0.0,-1.0,-1.0,2.5025276510766337,-10.666090297612783,-2.1549964039986196,0.0,0.0,0.0,0.0,0.0,0.0,0,0,0.0,FAULT,-19.2,52,0,1,2,1,0.044,228.0,29,normal,0.119,5,0.03,0
1785480159.2699306,1785480159.2699623,0.0,0.0,0.0,0.0,0.0,0.0,-1.0,0,0,0.0,0.0,0.0,0.0,0.0,0.0,0.0,0.0,0.0,0.0,-1.0,-1.0,2.5025276510766337,-10.666090297612783,-2.1549964039986196,0.0,0.0,0.0,0.0,0.0,0.0,0,0,0.0,FAULT,-19.2,52,0,1,2,1,0.046,227.9,29,normal,0.119,5,0.01,0
1785480159.3217432,1785480159.3217983,0.0,0.0,0.0,0.0,0.0,0.0,-1.0,0,0,0.0,0.0,0.0,0.0,0.0,0.0,0.0,0.0,0.0,0.0,-1.0,-1.0,2.5025276510766337,-10.666090297612783,-2.1549964039986196,0.0,0.0,0.0,0.0,0.0,0.0,0,0,0.0,FAULT,-19.2,52,0,1,2,1,0.043,228.0,29,normal,0.119,5,0.0,0
1785480159.3746636,1785480159.3746777,0.0,0.0,0.0,0.0,0.0,0.0,-1.0,0,0,0.0,0.0,0.0,0.0,0.0,0.0,0.0,0.0,0.0,0.0,-1.0,-1.0,2.5025276510766337,-10.666090297612783,-2.1549964039986196,0.0,0.0,0.0,0.0,0.0,0.0,0,0,0.0,FAULT,-19.2,52,0,1,2,1,0.045,228.0,29,normal,0.119,5,0.03,0
1785480159.422936,1785480159.4229667,0.0,0.0,0.0,0.0,0.0,0.0,-1.0,0,0,0.0,0.0,0.0,0.0,0.0,0.0,0.0,0.0,0.0,0.0,-1.0,-1.0,2.5025276510766337,-10.666090297612783,-2.1549964039986196,0.0,0.0,0.0,0.0,0.0,0.0,0,0,0.0,FAULT,-19.2,52,0,1,2,1,0.044,227.9,29,normal,0.119,5,0.01,0
1785480159.4725354,1785480159.4725838,0.0,0.0,0.0,0.0,0.0,0.0,-1.0,0,0,0.0,0.0,0.0,0.0,0.0,0.0,0.0,0.0,0.0,0.0,-1.0,-1.0,2.5025276510766337,-10.666090297612783,-2.1549964039986196,0.0,0.0,0.0,0.0,0.0,0.0,0,0,0.0,FAULT,-19.2,52,0,1,2,1,0.047,227.9,29,normal,0.119,5,0.02,0
1785480159.5193331,1785480159.5193422,0.0,0.0,0.0,0.0,0.0,0.0,-1.0,0,0,0.0,0.0,0.0,0.0,0.0,0.0,0.0,0.0,0.0,0.0,-1.0,-1.0,2.5025276510766337,-10.666090297612783,-2.1549964039986196,0.0,0.0,0.0,0.0,0.0,0.0,0,0,0.0,FAULT,-19.2,52,0,1,2,1,0.045,227.9,29,normal,0.119,5,0.01,0
1785480159.5697663,1785480159.5697808,0.0,0.0,0.0,0.0,0.0,0.0,-1.0,0,0,0.0,0.0,0.0,0.0,0.0,0.0,0.0,0.0,0.0,0.0,-1.0,-1.0,2.5025276510766337,-10.666090297612783,-2.1549964039986196,0.0,0.0,0.0,0.0,0.0,0.0,0,0,0.0,FAULT,-19.2,52,0,1,2,1,0.044,227.9,29,normal,0.119,5,0.02,0
1785480159.6162317,1785480159.616241,0.0,0.0,0.0,0.0,0.0,0.0,-1.0,0,0,0.0,0.0,0.0,0.0,0.0,0.0,0.0,0.0,0.0,0.0,-1.0,-1.0,2.5025276510766337,-10.666090297612783,-2.1549964039986196,0.0,0.0,0.0,0.0,0.0,0.0,0,0,0.0,FAULT,-19.2,52,0,1,2,1,0.045,228.0,29,normal,0.119,5,0.0,0
1785480159.6669815,1785480159.6670015,0.0,0.0,0.0,0.0,0.0,0.0,-1.0,0,0,0.0,0.0,0.0,0.0,0.0,0.0,0.0,0.0,0.0,0.0,-1.0,-1.0,2.5025276510766337,-10.666090297612783,-2.1549964039986196,0.0,0.0,0.0,0.0,0.0,0.0,0,0,0.0,FAULT,-19.2,52,0,1,2,1,0.046,228.0,29,normal,0.119,5,0.02,0
1785480159.716345,1785480159.7163641,0.0,0.0,0.0,0.0,0.0,0.0,-1.0,0,0,0.0,0.0,0.0,0.0,0.0,0.0,0.0,0.0,0.0,0.0,-1.0,-1.0,2.5025276510766337,-10.666090297612783,-2.1549964039986196,0.0,0.0,0.0,0.0,0.0,0.0,0,0,0.0,FAULT,-19.2,52,0,1,2,1,0.045,228.0,29,normal,0.119,5,0.03,0
1785480159.7664764,1785480159.7664912,0.0,0.0,0.0,0.0,0.0,0.0,-1.0,0,0,0.0,0.0,0.0,0.0,0.0,0.0,0.0,0.0,0.0,0.0,-1.0,-1.0,2.5025276510766337,-10.666090297612783,-2.1549964039986196,0.0,0.0,0.0,0.0,0.0,0.0,0,0,0.0,FAULT,-19.2,52,0,1,2,1,0.045,228.0,29,normal,0.119,5,0.01,0
1785480159.8176508,1785480159.8176877,0.0,0.0,0.0,0.0,0.0,0.0,-1.0,0,0,0.0,0.0,0.0,0.0,0.0,0.0,0.0,0.0,0.0,0.0,-1.0,-1.0,2.5025276510766337,-10.666090297612783,-2.1549964039986196,0.0,0.0,0.0,0.0,0.0,0.0,0,0,0.0,FAULT,-19.2,52,0,1,2,1,0.043,228.0,29,normal,0.119,5,0.03,0
1785480159.8669984,1785480159.8670332,0.0,0.0,0.0,0.0,0.0,0.0,-1.0,0,0,0.0,0.0,0.0,0.0,0.0,0.0,0.0,0.0,0.0,0.0,-1.0,-1.0,2.5025276510766337,-10.666090297612783,-2.1549964039986196,0.0,0.0,0.0,0.0,0.0,0.0,0,0,0.0,FAULT,-19.2,52,0,1,2,1,0.045,228.0,29,normal,0.119,5,0.02,0
1785480159.9194458,1785480159.9195285,0.0,0.0,0.0,0.0,0.0,0.0,-1.0,0,0,0.0,0.0,0.0,0.0,0.0,0.0,0.0,0.0,0.0,0.0,-1.0,-1.0,2.5025276510766337,-10.666090297612783,-2.1549964039986196,0.0,0.0,0.0,0.0,0.0,0.0,0,0,0.0,FAULT,-19.2,52,0,1,2,1,0.046,227.9,29,normal,0.119,5,0.03,0
1785480159.9692194,1785480159.969235,0.0,0.0,0.0,0.0,0.0,0.0,-1.0,0,0,0.0,0.0,0.0,0.0,0.0,0.0,0.0,0.0,0.0,0.0,-1.0,-1.0,2.5025276510766337,-10.666090297612783,-2.1549964039986196,0.0,0.0,0.0,0.0,0.0,0.0,0,0,0.0,FAULT,-19.2,52,0,1,2,1,0.045,228.0,29,normal,0.119,5,0.01,0
1785480160.0163784,1785480160.0163982,0.0,0.0,0.0,0.0,0.0,0.0,-1.0,0,0,0.0,0.0,0.0,0.0,0.0,0.0,0.0,0.0,0.0,0.0,-1.0,-1.0,2.5025276510766337,-10.666090297612783,-2.1549964039986196,0.0,0.0,0.0,0.0,0.0,0.0,0,0,0.0,FAULT,-19.2,52,0,1,2,1,0.045,227.9,29,normal,0.119,5,0.03,0
1785480160.0666904,1785480160.0666988,0.0,0.0,0.0,0.0,0.0,0.0,-1.0,0,0,0.0,0.0,0.0,0.0,0.0,0.0,0.0,0.0,0.0,0.0,-1.0,-1.0,2.5025276510766337,-10.666090297612783,-2.1549964039986196,0.0,0.0,0.0,0.0,0.0,0.0,0,0,0.0,FAULT,-19.2,52,0,1,2,1,0.045,227.9,29,normal,0.119,5,0.01,0
1785480160.1164663,1785480160.1164968,0.0,0.0,0.0,0.0,0.0,0.0,-1.0,0,0,0.0,0.0,0.0,0.0,0.0,0.0,0.0,0.0,0.0,0.0,-1.0,-1.0,2.5025276510766337,-10.666090297612783,-2.1549964039986196,0.0,0.0,0.0,0.0,0.0,0.0,0,0,0.0,FAULT,-19.2,52,0,1,2,1,0.046,228.0,29,normal,0.119,5,0.03,0
1785480160.1665592,1785480160.166573,0.0,0.0,0.0,0.0,0.0,0.0,-1.0,0,0,0.0,0.0,0.0,0.0,0.0,0.0,0.0,0.0,0.0,0.0,-1.0,-1.0,2.5025276510766337,-10.666090297612783,-2.1549964039986196,0.0,0.0,0.0,0.0,0.0,0.0,0,0,0.0,FAULT,-19.2,52,0,1,2,1,0.045,228.0,29,normal,0.119,5,0.01,0
1785480160.2169218,1785480160.2169425,0.0,0.0,0.0,0.0,0.0,0.0,-1.0,0,0,0.0,0.0,0.0,0.0,0.0,0.0,0.0,0.0,0.0,0.0,-1.0,-1.0,2.5025276510766337,-10.666090297612783,-2.1549964039986196,0.0,0.0,0.0,0.0,0.0,0.0,0,0,0.0,FAULT,-19.2,52,0,1,2,1,0.047,227.9,29,normal,0.119,5,0.03,0
1785480160.2665496,1785480160.266583,0.0,0.0,0.0,0.0,0.0,0.0,-1.0,0,0,0.0,0.0,0.0,0.0,0.0,0.0,0.0,0.0,0.0,0.0,-1.0,-1.0,2.5025276510766337,-10.666090297612783,-2.1549964039986196,0.0,0.0,0.0,0.0,0.0,0.0,0,0,0.0,FAULT,-19.2,52,0,1,2,1,0.044,228.0,29,normal,0.119,5,0.02,0
1785480160.318326,1785480160.3183575,0.0,0.0,0.0,0.0,0.0,0.0,-1.0,0,0,0.0,0.0,0.0,0.0,0.0,0.0,0.0,0.0,0.0,0.0,-1.0,-1.0,2.5025276510766337,-10.666090297612783,-2.1549964039986196,0.0,0.0,0.0,0.0,0.0,0.0,0,0,0.0,FAULT,-19.2,52,0,1,2,1,0.046,227.9,29,normal,0.119,5,0.03,0
1785480160.366307,1785480160.3663168,0.0,0.0,0.0,0.0,0.0,0.0,-1.0,0,0,0.0,0.0,0.0,0.0,0.0,0.0,0.0,0.0,0.0,0.0,-1.0,-1.0,2.5025276510766337,-10.666090297612783,-2.1549964039986196,0.0,0.0,0.0,0.0,0.0,0.0,0,0,0.0,FAULT,-19.2,52,0,1,2,1,0.046,228.0,29,normal,0.119,5,0.02,0
1785480160.4162955,1785480160.4163132,0.0,0.0,0.0,0.0,0.0,0.0,-1.0,0,0,0.0,0.0,0.0,0.0,0.0,0.0,0.0,0.0,0.0,0.0,-1.0,-1.0,2.5025276510766337,-10.666090297612783,-2.1549964039986196,0.0,0.0,0.0,0.0,0.0,0.0,0,0,0.0,FAULT,-19.2,52,0,1,2,1,0.046,228.0,29,normal,0.119,5,0.04,0
1785480160.4693718,1785480160.4694126,0.0,0.0,0.0,0.0,0.0,0.0,-1.0,0,0,0.0,0.0,0.0,0.0,0.0,0.0,0.0,0.0,0.0,0.0,-1.0,-1.0,2.5025276510766337,-10.666090297612783,-2.1549964039986196,0.0,0.0,0.0,0.0,0.0,0.0,0,0,0.0,FAULT,-19.2,52,0,1,2,1,0.047,227.9,29,normal,0.119,5,0.01,0
1785480160.5162477,1785480160.5162566,0.0,0.0,0.0,0.0,0.0,0.0,-1.0,0,0,0.0,0.0,0.0,0.0,0.0,0.0,0.0,0.0,0.0,0.0,-1.0,-1.0,2.5025276510766337,-10.666090297612783,-2.1549964039986196,0.0,0.0,0.0,0.0,0.0,0.0,0,0,0.0,FAULT,-19.2,52,0,1,2,1,0.047,228.0,29,normal,0.119,5,0.03,0
1785480160.5671952,1785480160.5672889,0.0,0.0,0.0,0.0,0.0,0.0,-1.0,0,0,0.0,0.0,0.0,0.0,0.0,0.0,0.0,0.0,0.0,0.0,-1.0,-1.0,2.5025276510766337,-10.666090297612783,-2.1549964039986196,0.0,0.0,0.0,0.0,0.0,0.0,0,0,0.0,FAULT,-19.2,52,0,1,2,1,0.045,228.0,29,normal,0.119,5,0.01,0
1785480160.6165547,1785480160.6165886,0.0,0.0,0.0,0.0,0.0,0.0,-1.0,0,0,0.0,0.0,0.0,0.0,0.0,0.0,0.0,0.0,0.0,0.0,-1.0,-1.0,2.5025276510766337,-10.666090297612783,-2.1549964039986196,0.0,0.0,0.0,0.0,0.0,0.0,0,0,0.0,FAULT,-19.2,52,0,1,2,1,0.045,228.0,29,normal,0.119,5,0.03,0
1785480160.6668124,1785480160.6668396,0.0,0.0,0.0,0.0,0.0,0.0,-1.0,0,0,0.0,0.0,0.0,0.0,0.0,0.0,0.0,0.0,0.0,0.0,-1.0,-1.0,2.5025276510766337,-10.666090297612783,-2.1549964039986196,0.0,0.0,0.0,0.0,0.0,0.0,0,0,0.0,FAULT,-19.2,52,0,1,2,1,0.048,227.9,29,normal,0.119,5,0.02,0
1785480160.7163916,1785480160.7164242,0.0,0.0,0.0,0.0,0.0,0.0,-1.0,0,0,0.0,0.0,0.0,0.0,0.0,0.0,0.0,0.0,0.0,0.0,-1.0,-1.0,2.5025276510766337,-10.666090297612783,-2.1549964039986196,0.0,0.0,0.0,0.0,0.0,0.0,0,0,0.0,FAULT,-19.2,52,0,1,2,1,0.046,228.0,29,normal,0.119,5,0.03,0
1785480160.7678275,1785480160.7678573,0.0,0.0,0.0,0.0,0.0,0.0,-1.0,0,0,0.0,0.0,0.0,0.0,0.0,0.0,0.0,0.0,0.0,0.0,-1.0,-1.0,2.5025276510766337,-10.666090297612783,-2.1549964039986196,0.0,0.0,0.0,0.0,0.0,0.0,0,0,0.0,FAULT,-19.2,52,0,1,2,1,0.045,228.0,29,normal,0.119,5,0.02,0
1785480160.8173776,1785480160.8174307,0.0,0.0,0.0,0.0,0.0,0.0,-1.0,0,0,0.0,0.0,0.0,0.0,0.0,0.0,0.0,0.0,0.0,0.0,-1.0,-1.0,2.5025276510766337,-10.666090297612783,-2.1549964039986196,0.0,0.0,0.0,0.0,0.0,0.0,0,0,0.0,FAULT,-19.2,52,0,1,2,1,0.046,228.0,29,normal,0.119,5,0.03,0
1785480160.8672493,1785480160.8673062,0.0,0.0,0.0,0.0,0.0,0.0,-1.0,0,0,0.0,0.0,0.0,0.0,0.0,0.0,0.0,0.0,0.0,0.0,-1.0,-1.0,2.5025276510766337,-10.666090297612783,-2.1549964039986196,0.0,0.0,0.0,0.0,0.0,0.0,0,0,0.0,FAULT,-19.2,52,0,1,2,1,0.045,228.0,29,normal,0.119,5,0.02,0
1785480160.9174106,1785480160.9174497,0.0,0.0,0.0,0.0,0.0,0.0,-1.0,0,0,0.0,0.0,0.0,0.0,0.0,0.0,0.0,0.0,0.0,0.0,-1.0,-1.0,2.5025276510766337,-10.666090297612783,-2.1549964039986196,0.0,0.0,0.0,0.0,0.0,0.0,0,0,0.0,FAULT,-19.2,52,0,1,2,1,0.046,228.0,29,normal,0.119,5,0.03,0
1785480160.9711502,1785480160.9711852,0.0,0.0,0.0,0.0,0.0,0.0,-1.0,0,0,0.0,0.0,0.0,0.0,0.0,0.0,0.0,0.0,0.0,0.0,-1.0,-1.0,2.5025276510766337,-10.666090297612783,-2.1549964039986196,0.0,0.0,0.0,0.0,0.0,0.0,0,0,0.0,FAULT,-19.2,52,0,1,2,1,0.046,228.0,29,normal,0.119,5,0.02,0
1785480161.0198133,1785480161.019846,0.0,0.0,0.0,0.0,0.0,0.0,-1.0,0,0,0.0,0.0,0.0,0.0,0.0,0.0,0.0,0.0,0.0,0.0,-1.0,-1.0,2.5025276510766337,-10.666090297612783,-2.1549964039986196,0.0,0.0,0.0,0.0,0.0,0.0,0,0,0.0,FAULT,-19.2,52,0,1,2,1,0.046,227.9,29,normal,0.119,5,0.0,0
1785480161.066959,1785480161.0669699,0.0,0.0,0.0,0.0,0.0,0.0,-1.0,0,0,0.0,0.0,0.0,0.0,0.0,0.0,0.0,0.0,0.0,0.0,-1.0,-1.0,2.5025276510766337,-10.666090297612783,-2.1549964039986196,0.0,0.0,0.0,0.0,0.0,0.0,0,0,0.0,FAULT,-19.2,52,0,1,2,1,0.046,228.0,29,normal,0.119,5,0.01,0
1785480161.1177835,1785480161.1178186,0.0,0.0,0.0,0.0,0.0,0.0,-1.0,0,0,0.0,0.0,0.0,0.0,0.0,0.0,0.0,0.0,0.0,0.0,-1.0,-1.0,2.5025276510766337,-10.666090297612783,-2.1549964039986196,0.0,0.0,0.0,0.0,0.0,0.0,0,0,0.0,FAULT,-19.2,52,0,1,2,1,0.046,228.0,29,normal,0.119,5,0.03,0
1785480161.1666195,1785480161.1666572,0.0,0.0,0.0,0.0,0.0,0.0,-1.0,0,0,0.0,0.0,0.0,0.0,0.0,0.0,0.0,0.0,0.0,0.0,-1.0,-1.0,2.5025276510766337,-10.666090297612783,-2.1549964039986196,0.0,0.0,0.0,0.0,0.0,0.0,0,0,0.0,FAULT,-19.2,52,0,1,2,1,0.046,228.0,29,normal,0.119,5,0.02,0
1785480161.21708,1785480161.2171142,0.0,0.0,0.0,0.0,0.0,0.0,-1.0,0,0,0.0,0.0,0.0,0.0,0.0,0.0,0.0,0.0,0.0,0.0,-1.0,-1.0,2.5025276510766337,-10.666090297612783,-2.1549964039986196,0.0,0.0,0.0,0.0,0.0,0.0,0,0,0.0,FAULT,-19.2,52,0,1,2,1,0.045,228.0,29,normal,0.119,5,0.03,0
1785480161.2672138,1785480161.2672222,0.0,0.0,0.0,0.0,0.0,0.0,-1.0,0,0,0.0,0.0,0.0,0.0,0.0,0.0,0.0,0.0,0.0,0.0,-1.0,-1.0,2.5025276510766337,-10.666090297612783,-2.1549964039986196,0.0,0.0,0.0,0.0,0.0,0.0,0,0,0.0,FAULT,-19.2,52,0,1,2,1,0.046,227.9,29,normal,0.119,5,0.02,0
1785480161.3163757,1785480161.3163896,0.0,0.0,0.0,0.0,0.0,0.0,-1.0,0,0,0.0,0.0,0.0,0.0,0.0,0.0,0.0,0.0,0.0,0.0,-1.0,-1.0,2.5025276510766337,-10.666090297612783,-2.1549964039986196,0.0,0.0,0.0,0.0,0.0,0.0,0,0,0.0,FAULT,-19.2,52,0,1,2,1,0.044,228.0,29,normal,0.119,5,0.04,0
1785480161.3665817,1785480161.3666162,0.0,0.0,0.0,0.0,0.0,0.0,-1.0,0,0,0.0,0.0,0.0,0.0,0.0,0.0,0.0,0.0,0.0,0.0,-1.0,-1.0,2.5025276510766337,-10.666090297612783,-2.1549964039986196,0.0,0.0,0.0,0.0,0.0,0.0,0,0,0.0,FAULT,-19.2,52,0,1,2,1,0.044,228.0,29,normal,0.119,5,0.01,0
1785480161.4170365,1785480161.4170513,0.0,0.0,0.0,0.0,0.0,0.0,-1.0,0,0,0.0,0.0,0.0,0.0,0.0,0.0,0.0,0.0,0.0,0.0,-1.0,-1.0,2.5025276510766337,-10.666090297612783,-2.1549964039986196,0.0,0.0,0.0,0.0,0.0,0.0,0,0,0.0,FAULT,-19.2,52,0,1,2,1,0.045,228.0,29,normal,0.119,5,0.03,0
1785480161.468733,1785480161.468765,0.0,0.0,0.0,0.0,0.0,0.0,-1.0,0,0,0.0,0.0,0.0,0.0,0.0,0.0,0.0,0.0,0.0,0.0,-1.0,-1.0,2.5025276510766337,-10.666090297612783,-2.1549964039986196,0.0,0.0,0.0,0.0,0.0,0.0,0,0,0.0,FAULT,-19.2,52,0,1,2,1,0.047,227.9,29,normal,0.119,5,0.01,0
1785480161.51646,1785480161.5164928,0.0,0.0,0.0,0.0,0.0,0.0,-1.0,0,0,0.0,0.0,0.0,0.0,0.0,0.0,0.0,0.0,0.0,0.0,-1.0,-1.0,2.5025276510766337,-10.666090297612783,-2.1549964039986196,0.0,0.0,0.0,0.0,0.0,0.0,0,0,0.0,FAULT,-19.2,52,0,1,2,1,0.046,228.0,29,normal,0.119,5,0.03,0
1785480161.5678556,1785480161.567888,0.0,0.0,0.0,0.0,0.0,0.0,-1.0,0,0,0.0,0.0,0.0,0.0,0.0,0.0,0.0,0.0,0.0,0.0,-1.0,-1.0,2.5025276510766337,-10.666090297612783,-2.1549964039986196,0.0,0.0,0.0,0.0,0.0,0.0,0,0,0.0,FAULT,-19.2,52,0,1,2,1,0.046,227.9,29,normal,0.119,5,0.02,0
1785480161.616806,1785480161.6168382,0.0,0.0,0.0,0.0,0.0,0.0,-1.0,0,0,0.0,0.0,0.0,0.0,0.0,0.0,0.0,0.0,0.0,0.0,-1.0,-1.0,2.5025276510766337,-10.666090297612783,-2.1549964039986196,0.0,0.0,0.0,0.0,0.0,0.0,0,0,0.0,FAULT,-19.2,52,0,1,2,1,0.047,228.0,29,normal,0.119,5,0.0,0
1785480161.6694975,1785480161.6695144,0.0,0.0,0.0,0.0,0.0,0.0,-1.0,0,0,0.0,0.0,0.0,0.0,0.0,0.0,0.0,0.0,0.0,0.0,-1.0,-1.0,2.5025276510766337,-10.666090297612783,-2.1549964039986196,0.0,0.0,0.0,0.0,0.0,0.0,0,0,0.0,FAULT,-19.2,52,0,1,2,1,0.046,228.0,29,normal,0.119,5,0.02,0
1785480161.716371,1785480161.7163942,0.0,0.0,0.0,0.0,0.0,0.0,-1.0,0,0,0.0,0.0,0.0,0.0,0.0,0.0,0.0,0.0,0.0,0.0,-1.0,-1.0,2.5025276510766337,-10.666090297612783,-2.1549964039986196,0.0,0.0,0.0,0.0,0.0,0.0,0,0,0.0,FAULT,-19.2,52,0,1,2,1,0.045,227.9,29,normal,0.119,5,0.03,0
1785480161.7666569,1785480161.7667074,0.0,0.0,0.0,0.0,0.0,0.0,-1.0,0,0,0.0,0.0,0.0,0.0,0.0,0.0,0.0,0.0,0.0,0.0,-1.0,-1.0,2.5025276510766337,-10.666090297612783,-2.1549964039986196,0.0,0.0,0.0,0.0,0.0,0.0,0,0,0.0,FAULT,-19.2,52,0,1,2,1,0.046,228.0,29,normal,0.119,5,0.01,0
1785480161.818337,1785480161.81837,0.0,0.0,0.0,0.0,0.0,0.0,-1.0,0,0,0.0,0.0,0.0,0.0,0.0,0.0,0.0,0.0,0.0,0.0,-1.0,-1.0,2.5025276510766337,-10.666090297612783,-2.1549964039986196,0.0,0.0,0.0,0.0,0.0,0.0,0,0,0.0,FAULT,-19.2,52,0,1,2,1,0.046,228.0,29,normal,0.119,5,0.03,0
1785480161.867134,1785480161.8671467,0.0,0.0,0.0,0.0,0.0,0.0,-1.0,0,0,0.0,0.0,0.0,0.0,0.0,0.0,0.0,0.0,0.0,0.0,-1.0,-1.0,2.5025276510766337,-10.666090297612783,-2.1549964039986196,0.0,0.0,0.0,0.0,0.0,0.0,0,0,0.0,FAULT,-19.2,52,0,1,2,1,0.043,228.0,29,normal,0.119,5,0.01,0
1785480161.916468,1785480161.9164772,0.0,0.0,0.0,0.0,0.0,0.0,-1.0,0,0,0.0,0.0,0.0,0.0,0.0,0.0,0.0,0.0,0.0,0.0,-1.0,-1.0,2.5025276510766337,-10.666090297612783,-2.1549964039986196,0.0,0.0,0.0,0.0,0.0,0.0,0,0,0.0,FAULT,-19.2,52,0,1,2,1,0.045,228.0,29,normal,0.119,5,0.03,0
1785480161.966568,1785480161.9665816,0.0,0.0,0.0,0.0,0.0,0.0,-1.0,0,0,0.0,0.0,0.0,0.0,0.0,0.0,0.0,0.0,0.0,0.0,-1.0,-1.0,2.5025276510766337,-10.666090297612783,-2.1549964039986196,0.0,0.0,0.0,0.0,0.0,0.0,0,0,0.0,FAULT,-19.2,52,0,1,2,1,0.045,228.0,29,normal,0.119,5,0.02,0
1785480162.01646,1785480162.016494,0.0,0.0,0.0,0.0,0.0,0.0,-1.0,0,0,0.0,0.0,0.0,0.0,0.0,0.0,0.0,0.0,0.0,0.0,-1.0,-1.0,2.5025276510766337,-10.666090297612783,-2.1549964039986196,0.0,0.0,0.0,0.0,0.0,0.0,0,0,0.0,FAULT,-19.2,52,0,1,2,1,0.046,228.0,29,normal,0.119,5,0.03,0
1785480162.066459,1785480162.0664978,0.0,0.0,0.0,0.0,0.0,0.0,-1.0,0,0,0.0,0.0,0.0,0.0,0.0,0.0,0.0,0.0,0.0,0.0,-1.0,-1.0,2.5025276510766337,-10.666090297612783,-2.1549964039986196,0.0,0.0,0.0,0.0,0.0,0.0,0,0,0.0,FAULT,-19.2,52,0,1,2,1,0.046,228.0,29,normal,0.119,5,0.02,0
1785480162.1182258,1785480162.1182358,0.0,0.0,0.0,0.0,0.0,0.0,-1.0,0,0,0.0,0.0,0.0,0.0,0.0,0.0,0.0,0.0,0.0,0.0,-1.0,-1.0,2.5025276510766337,-10.666090297612783,-2.1549964039986196,0.0,0.0,0.0,0.0,0.0,0.0,0,0,0.0,FAULT,-19.2,52,0,1,2,1,0.046,227.9,29,normal,0.119,5,0.03,0
1785480162.1666143,1785480162.1666522,0.0,0.0,0.0,0.0,0.0,0.0,-1.0,0,0,0.0,0.0,0.0,0.0,0.0,0.0,0.0,0.0,0.0,0.0,-1.0,-1.0,2.5025276510766337,-10.666090297612783,-2.1549964039986196,0.0,0.0,0.0,0.0,0.0,0.0,0,0,0.0,FAULT,-19.2,52,0,1,2,1,0.045,228.0,29,normal,0.119,5,0.02,0
1785480162.216752,1785480162.216761,0.0,0.0,0.0,0.0,0.0,0.0,-1.0,0,0,0.0,0.0,0.0,0.0,0.0,0.0,0.0,0.0,0.0,0.0,-1.0,-1.0,2.5025276510766337,-10.666090297612783,-2.1549964039986196,0.0,0.0,0.0,0.0,0.0,0.0,0,0,0.0,FAULT,-19.2,52,0,1,2,1,0.048,227.9,29,normal,0.119,5,0.03,0
1785480162.2663193,1785480162.266332,0.0,0.0,0.0,0.0,0.0,0.0,-1.0,0,0,0.0,0.0,0.0,0.0,0.0,0.0,0.0,0.0,0.0,0.0,-1.0,-1.0,2.5025276510766337,-10.666090297612783,-2.1549964039986196,0.0,0.0,0.0,0.0,0.0,0.0,0,0,0.0,FAULT,-19.2,52,0,1,2,1,0.045,228.0,29,normal,0.119,5,0.01,0
1785480162.3180294,1785480162.318062,0.0,0.0,0.0,0.0,0.0,0.0,-1.0,0,0,0.0,0.0,0.0,0.0,0.0,0.0,0.0,0.0,0.0,0.0,-1.0,-1.0,2.5025276510766337,-10.666090297612783,-2.1549964039986196,0.0,0.0,0.0,0.0,0.0,0.0,0,0,0.0,FAULT,-19.2,52,0,1,2,1,0.046,227.9,29,normal,0.119,5,0.03,0
1785480162.3662546,1785480162.366269,0.0,0.0,0.0,0.0,0.0,0.0,-1.0,0,0,0.0,0.0,0.0,0.0,0.0,0.0,0.0,0.0,0.0,0.0,-1.0,-1.0,2.5025276510766337,-10.666090297612783,-2.1549964039986196,0.0,0.0,0.0,0.0,0.0,0.0,0,0,0.0,FAULT,-19.2,52,0,1,2,1,0.047,228.0,29,normal,0.119,5,0.01,0
1785480162.4181602,1785480162.4182,0.0,0.0,0.0,0.0,0.0,0.0,-1.0,0,0,0.0,0.0,0.0,0.0,0.0,0.0,0.0,0.0,0.0,0.0,-1.0,-1.0,2.5025276510766337,-10.666090297612783,-2.1549964039986196,0.0,0.0,0.0,0.0,0.0,0.0,0,0,0.0,FAULT,-19.2,52,0,1,2,1,0.046,228.0,29,normal,0.119,5,0.03,0
1785480162.467028,1785480162.4670587,0.0,0.0,0.0,0.0,0.0,0.0,-1.0,0,0,0.0,0.0,0.0,0.0,0.0,0.0,0.0,0.0,0.0,0.0,-1.0,-1.0,2.5025276510766337,-10.666090297612783,-2.1549964039986196,0.0,0.0,0.0,0.0,0.0,0.0,0,0,0.0,FAULT,-19.2,52,0,1,2,1,0.045,228.0,29,normal,0.119,5,0.01,0
1785480162.517581,1785480162.517594,0.0,0.0,0.0,0.0,0.0,0.0,-1.0,0,0,0.0,0.0,0.0,0.0,0.0,0.0,0.0,0.0,0.0,0.0,-1.0,-1.0,2.5025276510766337,-10.666090297612783,-2.1549964039986196,0.0,0.0,0.0,0.0,0.0,0.0,0,0,0.0,FAULT,-19.2,52,0,1,2,1,0.046,227.9,29,normal,0.119,5,0.01,0
1785480162.575666,1785480162.5756989,0.0,0.0,0.0,0.0,0.0,0.0,-1.0,0,0,0.0,0.0,0.0,0.0,0.0,0.0,0.0,0.0,0.0,0.0,-1.0,-1.0,2.5025276510766337,-10.666090297612783,-2.1549964039986196,0.0,0.0,0.0,0.0,0.0,0.0,0,0,0.0,FAULT,-19.2,52,0,1,2,1,0.044,227.9,29,normal,0.119,5,0.03,0
1785480162.6306214,1785480162.6306553,0.0,0.0,0.0,0.0,0.0,0.0,-1.0,0,0,0.0,0.0,0.0,0.0,0.0,0.0,0.0,0.0,0.0,0.0,-1.0,-1.0,2.5025276510766337,-10.666090297612783,-2.1549964039986196,0.0,0.0,0.0,0.0,0.0,0.0,0,0,0.0,FAULT,-19.2,52,0,1,2,1,0.046,227.9,29,normal,0.119,5,0.02,0
1785480162.680562,1785480162.680571,0.0,0.0,0.0,0.0,0.0,0.0,-1.0,0,0,0.0,0.0,0.0,0.0,0.0,0.0,0.0,0.0,0.0,0.0,-1.0,-1.0,2.5025276510766337,-10.666090297612783,-2.1549964039986196,0.0,0.0,0.0,0.0,0.0,0.0,0,0,0.0,FAULT,-19.2,52,0,1,2,1,0.046,228.0,29,normal,0.119,5,0.03,0
1785480162.7280052,1785480162.7280142,0.0,0.0,0.0,0.0,0.0,0.0,-1.0,0,0,0.0,0.0,0.0,0.0,0.0,0.0,0.0,0.0,0.0,0.0,-1.0,-1.0,2.5025276510766337,-10.666090297612783,-2.1549964039986196,0.0,0.0,0.0,0.0,0.0,0.0,0,0,0.0,FAULT,-19.2,52,0,1,2,1,0.045,228.0,29,normal,0.119,5,0.01,0
1785480162.772209,1785480162.7722182,0.0,0.0,0.0,0.0,0.0,0.0,-1.0,0,0,0.0,0.0,0.0,0.0,0.0,0.0,0.0,0.0,0.0,0.0,-1.0,-1.0,2.5025276510766337,-10.666090297612783,-2.1549964039986196,0.0,0.0,0.0,0.0,0.0,0.0,0,0,0.0,FAULT,-19.2,52,0,1,2,1,0.045,228.0,29,normal,0.119,5,0.01,0
1785480162.8164387,1785480162.8164718,0.0,0.0,0.0,0.0,0.0,0.0,-1.0,0,0,0.0,0.0,0.0,0.0,0.0,0.0,0.0,0.0,0.0,0.0,-1.0,-1.0,2.5025276510766337,-10.666090297612783,-2.1549964039986196,0.0,0.0,0.0,0.0,0.0,0.0,0,0,0.0,FAULT,-19.2,52,0,1,2,1,0.046,228.0,29,normal,0.119,5,0.03,0
1785480162.8668659,1785480162.8669212,0.0,0.0,0.0,0.0,0.0,0.0,-1.0,0,0,0.0,0.0,0.0,0.0,0.0,0.0,0.0,0.0,0.0,0.0,-1.0,-1.0,2.5025276510766337,-10.666090297612783,-2.1549964039986196,0.0,0.0,0.0,0.0,0.0,0.0,0,0,0.0,FAULT,-19.2,52,0,1,2,1,0.047,228.0,29,normal,0.119,5,0.02,0
1785480162.9171262,1785480162.9171607,0.0,0.0,0.0,0.0,0.0,0.0,-1.0,0,0,0.0,0.0,0.0,0.0,0.0,0.0,0.0,0.0,0.0,0.0,-1.0,-1.0,2.5025276510766337,-10.666090297612783,-2.1549964039986196,0.0,0.0,0.0,0.0,0.0,0.0,0,0,0.0,FAULT,-19.2,52,0,1,2,1,0.047,228.0,29,normal,0.119,5,0.03,0
1785480162.9664602,1785480162.9664927,0.0,0.0,0.0,0.0,0.0,0.0,-1.0,0,0,0.0,0.0,0.0,0.0,0.0,0.0,0.0,0.0,0.0,0.0,-1.0,-1.0,2.5025276510766337,-10.666090297612783,-2.1549964039986196,0.0,0.0,0.0,0.0,0.0,0.0,0,0,0.0,FAULT,-19.2,52,0,1,2,1,0.046,228.0,29,normal,0.119,5,0.02,0
1785480163.016462,1785480163.0164955,0.0,0.0,0.0,0.0,0.0,0.0,-1.0,0,0,0.0,0.0,0.0,0.0,0.0,0.0,0.0,0.0,0.0,0.0,-1.0,-1.0,2.5025276510766337,-10.666090297612783,-2.1549964039986196,0.0,0.0,0.0,0.0,0.0,0.0,0,0,0.0,FAULT,-19.2,52,0,1,2,1,0.046,228.0,29,normal,0.119,5,0.03,0
1785480163.0665467,1785480163.06663,0.0,0.0,0.0,0.0,0.0,0.0,-1.0,0,0,0.0,0.0,0.0,0.0,0.0,0.0,0.0,0.0,0.0,0.0,-1.0,-1.0,2.5025276510766337,-10.666090297612783,-2.1549964039986196,0.0,0.0,0.0,0.0,0.0,0.0,0,0,0.0,FAULT,-19.2,52,0,1,2,1,0.044,228.0,29,normal,0.119,5,0.01,0
1785480163.1173604,1785480163.1173918,0.0,0.0,0.0,0.0,0.0,0.0,-1.0,0,0,0.0,0.0,0.0,0.0,0.0,0.0,0.0,0.0,0.0,0.0,-1.0,-1.0,2.5025276510766337,-10.666090297612783,-2.1549964039986196,0.0,0.0,0.0,0.0,0.0,0.0,0,0,0.0,FAULT,-19.2,52,0,1,2,1,0.045,228.0,29,normal,0.119,5,0.03,0
1785480163.166273,1785480163.166285,0.0,0.0,0.0,0.0,0.0,0.0,-1.0,0,0,0.0,0.0,0.0,0.0,0.0,0.0,0.0,0.0,0.0,0.0,-1.0,-1.0,2.5025276510766337,-10.666090297612783,-2.1549964039986196,0.0,0.0,0.0,0.0,0.0,0.0,0,0,0.0,FAULT,-19.2,52,0,1,2,1,0.044,228.0,29,normal,0.119,5,0.02,0
1785480163.2164097,1785480163.2164314,0.0,0.0,0.0,0.0,0.0,0.0,-1.0,0,0,0.0,0.0,0.0,0.0,0.0,0.0,0.0,0.0,0.0,0.0,-1.0,-1.0,2.5025276510766337,-10.666090297612783,-2.1549964039986196,0.0,0.0,0.0,0.0,0.0,0.0,0,0,0.0,FAULT,-19.2,52,0,1,2,1,0.047,228.0,29,normal,0.119,5,0.0,0
1785480163.2693353,1785480163.269344,0.0,0.0,0.0,0.0,0.0,0.0,-1.0,0,0,0.0,0.0,0.0,0.0,0.0,0.0,0.0,0.0,0.0,0.0,-1.0,-1.0,2.5025276510766337,-10.666090297612783,-2.1549964039986196,0.0,0.0,0.0,0.0,0.0,0.0,0,0,0.0,FAULT,-19.2,52,0,1,2,1,0.045,228.0,29,normal,0.119,5,0.02,0
1785480163.3168807,1785480163.3168893,0.0,0.0,0.0,0.0,0.0,0.0,-1.0,0,0,0.0,0.0,0.0,0.0,0.0,0.0,0.0,0.0,0.0,0.0,-1.0,-1.0,2.5025276510766337,-10.666090297612783,-2.1549964039986196,0.0,0.0,0.0,0.0,0.0,0.0,0,0,0.0,FAULT,-19.2,52,0,1,2,1,0.045,227.9,29,normal,0.119,5,0.04,0
1785480163.3718255,1785480163.371924,0.0,0.0,0.0,0.0,0.0,0.0,-1.0,0,0,0.0,0.0,0.0,0.0,0.0,0.0,0.0,0.0,0.0,0.0,-1.0,-1.0,2.5025276510766337,-10.666090297612783,-2.1549964039986196,0.0,0.0,0.0,0.0,0.0,0.0,0,0,0.0,FAULT,-19.2,52,0,1,2,1,0.047,228.0,29,normal,0.119,5,0.01,0
1785480163.42108,1785480163.4211168,0.0,0.0,0.0,0.0,0.0,0.0,-1.0,0,0,0.0,0.0,0.0,0.0,0.0,0.0,0.0,0.0,0.0,0.0,-1.0,-1.0,2.5025276510766337,-10.666090297612783,-2.1549964039986196,0.0,0.0,0.0,0.0,0.0,0.0,0,0,0.0,FAULT,-19.2,52,0,1,2,1,0.046,228.0,29,normal,0.119,5,0.0,0
1785480163.4783885,1785480163.4784298,0.0,0.0,0.0,0.0,0.0,0.0,-1.0,0,0,0.0,0.0,0.0,0.0,0.0,0.0,0.0,0.0,0.0,0.0,-1.0,-1.0,2.5025276510766337,-10.666090297612783,-2.1549964039986196,0.0,0.0,0.0,0.0,0.0,0.0,0,0,0.0,FAULT,-19.2,52,0,1,2,1,0.045,228.0,29,normal,0.119,5,0.02,0
1785480163.5260713,1785480163.526093,0.0,0.0,0.0,0.0,0.0,0.0,-1.0,0,0,0.0,0.0,0.0,0.0,0.0,0.0,0.0,0.0,0.0,0.0,-1.0,-1.0,2.5025276510766337,-10.666090297612783,-2.1549964039986196,0.0,0.0,0.0,0.0,0.0,0.0,0,0,0.0,FAULT,-19.2,52,0,1,2,1,0.047,227.9,29,normal,0.119,5,0.01,0
1785480163.573375,1785480163.5734162,0.0,0.0,0.0,0.0,0.0,0.0,-1.0,0,0,0.0,0.0,0.0,0.0,0.0,0.0,0.0,0.0,0.0,0.0,-1.0,-1.0,2.5025276510766337,-10.666090297612783,-2.1549964039986196,0.0,0.0,0.0,0.0,0.0,0.0,0,0,0.0,FAULT,-19.2,52,0,1,2,1,0.045,228.0,29,normal,0.119,5,0.02,0
1785480163.6205008,1785480163.620532,0.0,0.0,0.0,0.0,0.0,0.0,-1.0,0,0,0.0,0.0,0.0,0.0,0.0,0.0,0.0,0.0,0.0,0.0,-1.0,-1.0,2.5025276510766337,-10.666090297612783,-2.1549964039986196,0.0,0.0,0.0,0.0,0.0,0.0,0,0,0.0,FAULT,-19.2,52,0,1,2,1,0.045,228.0,29,normal,0.119,5,0.01,0
1785480163.6686397,1785480163.6686788,0.0,0.0,0.0,0.0,0.0,0.0,-1.0,0,0,0.0,0.0,0.0,0.0,0.0,0.0,0.0,0.0,0.0,0.0,-1.0,-1.0,2.5025276510766337,-10.666090297612783,-2.1549964039986196,0.0,0.0,0.0,0.0,0.0,0.0,0,0,0.0,FAULT,-19.2,52,0,1,2,1,0.045,228.0,29,normal,0.119,5,0.02,0
1785480163.7164488,1785480163.7164824,0.0,0.0,0.0,0.0,0.0,0.0,-1.0,0,0,0.0,0.0,0.0,0.0,0.0,0.0,0.0,0.0,0.0,0.0,-1.0,-1.0,2.5025276510766337,-10.666090297612783,-2.1549964039986196,0.0,0.0,0.0,0.0,0.0,0.0,0,0,0.0,FAULT,-19.2,52,0,1,2,1,0.046,227.9,29,normal,0.119,5,0.03,0
1785480163.766408,1785480163.766427,0.0,0.0,0.0,0.0,0.0,0.0,-1.0,0,0,0.0,0.0,0.0,0.0,0.0,0.0,0.0,0.0,0.0,0.0,-1.0,-1.0,2.5025276510766337,-10.666090297612783,-2.1549964039986196,0.0,0.0,0.0,0.0,0.0,0.0,0,0,0.0,FAULT,-19.2,52,0,1,2,1,0.044,228.0,29,normal,0.119,5,0.01,0
1785480163.8163505,1785480163.8163638,0.0,0.0,0.0,0.0,0.0,0.0,-1.0,0,0,0.0,0.0,0.0,0.0,0.0,0.0,0.0,0.0,0.0,0.0,-1.0,-1.0,2.5025276510766337,-10.666090297612783,-2.1549964039986196,0.0,0.0,0.0,0.0,0.0,0.0,0,0,0.0,FAULT,-19.2,52,0,1,2,1,0.046,227.9,29,normal,0.119,5,0.03,0
1785480163.8668654,1785480163.8668876,0.0,0.0,0.0,0.0,0.0,0.0,-1.0,0,0,0.0,0.0,0.0,0.0,0.0,0.0,0.0,0.0,0.0,0.0,-1.0,-1.0,2.5025276510766337,-10.666090297612783,-2.1549964039986196,0.0,0.0,0.0,0.0,0.0,0.0,0,0,0.0,FAULT,-19.2,52,0,1,2,1,0.046,228.0,29,normal,0.119,5,0.02,0
1785480163.9164984,1785480163.9165196,0.0,0.0,0.0,0.0,0.0,0.0,-1.0,0,0,0.0,0.0,0.0,0.0,0.0,0.0,0.0,0.0,0.0,0.0,-1.0,-1.0,2.5025276510766337,-10.666090297612783,-2.1549964039986196,0.0,0.0,0.0,0.0,0.0,0.0,0,0,0.0,FAULT,-19.2,52,0,1,2,1,0.046,228.0,29,normal,0.119,5,0.04,0
1785480163.9687357,1785480163.9688528,0.0,0.0,0.0,0.0,0.0,0.0,-1.0,0,0,0.0,0.0,0.0,0.0,0.0,0.0,0.0,0.0,0.0,0.0,-1.0,-1.0,2.5025276510766337,-10.666090297612783,-2.1549964039986196,0.0,0.0,0.0,0.0,0.0,0.0,0,0,0.0,FAULT,-19.2,52,0,1,2,1,0.048,227.9,29,normal,0.119,5,0.02,0
1785480164.0165882,1785480164.0166187,0.0,0.0,0.0,0.0,0.0,0.0,-1.0,0,0,0.0,0.0,0.0,0.0,0.0,0.0,0.0,0.0,0.0,0.0,-1.0,-1.0,2.5025276510766337,-10.666090297612783,-2.1549964039986196,0.0,0.0,0.0,0.0,0.0,0.0,0,0,0.0,FAULT,-19.2,52,0,1,2,1,0.046,228.0,29,normal,0.119,5,0.03,0
1785480164.0685227,1785480164.068631,0.0,0.0,0.0,0.0,0.0,0.0,-1.0,0,0,0.0,0.0,0.0,0.0,0.0,0.0,0.0,0.0,0.0,0.0,-1.0,-1.0,2.5025276510766337,-10.666090297612783,-2.1549964039986196,0.0,0.0,0.0,0.0,0.0,0.0,0,0,0.0,FAULT,-19.2,52,0,1,2,1,0.045,228.0,29,normal,0.119,5,0.01,0
1785480164.1263318,1785480164.1263666,0.0,0.0,0.0,0.0,0.0,0.0,-1.0,0,0,0.0,0.0,0.0,0.0,0.0,0.0,0.0,0.0,0.0,0.0,-1.0,-1.0,2.5025276510766337,-10.666090297612783,-2.1549964039986196,0.0,0.0,0.0,0.0,0.0,0.0,0,0,0.0,FAULT,-19.2,52,0,1,2,1,0.043,228.0,29,normal,0.119,5,0.01,0
1785480164.179299,1785480164.1793172,0.0,0.0,0.0,0.0,0.0,0.0,-1.0,0,0,0.0,0.0,0.0,0.0,0.0,0.0,0.0,0.0,0.0,0.0,-1.0,-1.0,2.5025276510766337,-10.666090297612783,-2.1549964039986196,0.0,0.0,0.0,0.0,0.0,0.0,0,0,0.0,FAULT,-19.2,52,0,1,2,1,0.046,228.0,29,normal,0.119,5,0.03,0
1785480164.2315989,1785480164.23163,0.0,0.0,0.0,0.0,0.0,0.0,-1.0,0,0,0.0,0.0,0.0,0.0,0.0,0.0,0.0,0.0,0.0,0.0,-1.0,-1.0,2.5025276510766337,-10.666090297612783,-2.1549964039986196,0.0,0.0,0.0,0.0,0.0,0.0,0,0,0.0,FAULT,-19.2,52,0,1,2,1,0.044,227.9,29,normal,0.119,5,0.01,0
1785480164.2843068,1785480164.2843392,0.0,0.0,0.0,0.0,0.0,0.0,-1.0,0,0,0.0,0.0,0.0,0.0,0.0,0.0,0.0,0.0,0.0,0.0,-1.0,-1.0,2.5025276510766337,-10.666090297612783,-2.1549964039986196,0.0,0.0,0.0,0.0,0.0,0.0,0,0,0.0,FAULT,-19.2,52,0,1,2,1,0.045,227.9,29,normal,0.119,5,0.03,0
1785480164.333771,1785480164.333803,0.0,0.0,0.0,0.0,0.0,0.0,-1.0,0,0,0.0,0.0,0.0,0.0,0.0,0.0,0.0,0.0,0.0,0.0,-1.0,-1.0,2.5025276510766337,-10.666090297612783,-2.1549964039986196,0.0,0.0,0.0,0.0,0.0,0.0,0,0,0.0,FAULT,-19.2,52,0,1,2,1,0.046,227.9,29,normal,0.119,5,0.01,0
1785480164.3862927,1785480164.3863063,0.0,0.0,0.0,0.0,0.0,0.0,-1.0,0,0,0.0,0.0,0.0,0.0,0.0,0.0,0.0,0.0,0.0,0.0,-1.0,-1.0,2.5025276510766337,-10.666090297612783,-2.1549964039986196,0.0,0.0,0.0,0.0,0.0,0.0,0,0,0.0,FAULT,-19.2,52,0,1,2,1,0.047,227.9,29,normal,0.119,5,0.03,0
1785480164.4357483,1785480164.4360952,0.0,0.0,0.0,0.0,0.0,0.0,-1.0,0,0,0.0,0.0,0.0,0.0,0.0,0.0,0.0,0.0,0.0,0.0,-1.0,-1.0,2.5025276510766337,-10.666090297612783,-2.1549964039986196,0.0,0.0,0.0,0.0,0.0,0.0,0,0,0.0,FAULT,-19.2,52,0,1,2,1,0.045,228.0,29,normal,0.119,5,0.01,0
1785480164.4823656,1785480164.482379,0.0,0.0,0.0,0.0,0.0,0.0,-1.0,0,0,0.0,0.0,0.0,0.0,0.0,0.0,0.0,0.0,0.0,0.0,-1.0,-1.0,2.5025276510766337,-10.666090297612783,-2.1549964039986196,0.0,0.0,0.0,0.0,0.0,0.0,0,0,0.0,FAULT,-19.2,52,0,1,2,1,0.046,228.0,29,normal,0.119,5,0.03,0
1785480164.5313592,1785480164.5313945,0.0,0.0,0.0,0.0,0.0,0.0,-1.0,0,0,0.0,0.0,0.0,0.0,0.0,0.0,0.0,0.0,0.0,0.0,-1.0,-1.0,2.5025276510766337,-10.666090297612783,-2.1549964039986196,0.0,0.0,0.0,0.0,0.0,0.0,0,0,0.0,FAULT,-19.2,52,0,1,2,1,0.045,228.0,29,normal,0.119,5,0.02,0
1785480164.5850003,1785480164.5850475,0.0,0.0,0.0,0.0,0.0,0.0,-1.0,0,0,0.0,0.0,0.0,0.0,0.0,0.0,0.0,0.0,0.0,0.0,-1.0,-1.0,2.5025276510766337,-10.666090297612783,-2.1549964039986196,0.0,0.0,0.0,0.0,0.0,0.0,0,0,0.0,FAULT,-19.2,52,0,1,2,1,0.046,227.9,29,normal,0.119,5,0.02,0
1785480164.632566,1785480164.6325788,0.0,0.0,0.0,0.0,0.0,0.0,-1.0,0,0,0.0,0.0,0.0,0.0,0.0,0.0,0.0,0.0,0.0,0.0,-1.0,-1.0,2.5025276510766337,-10.666090297612783,-2.1549964039986196,0.0,0.0,0.0,0.0,0.0,0.0,0,0,0.0,FAULT,-19.2,52,0,1,2,1,0.046,228.0,29,normal,0.119,5,0.01,0
1785480164.682158,1785480164.682168,0.0,0.0,0.0,0.0,0.0,0.0,-1.0,0,0,0.0,0.0,0.0,0.0,0.0,0.0,0.0,0.0,0.0,0.0,-1.0,-1.0,2.5025276510766337,-10.666090297612783,-2.1549964039986196,0.0,0.0,0.0,0.0,0.0,0.0,0,0,0.0,FAULT,-19.2,52,0,1,2,1,0.047,228.0,29,normal,0.119,5,0.02,0
1785480164.727044,1785480164.727055,0.0,0.0,0.0,0.0,0.0,0.0,-1.0,0,0,0.0,0.0,0.0,0.0,0.0,0.0,0.0,0.0,0.0,0.0,-1.0,-1.0,2.5025276510766337,-10.666090297612783,-2.1549964039986196,0.0,0.0,0.0,0.0,0.0,0.0,0,0,0.0,FAULT,-19.2,52,0,1,2,1,0.047,228.0,29,normal,0.119,5,0.02,0
1785480164.7686713,1785480164.7686868,0.0,0.0,0.0,0.0,0.0,0.0,-1.0,0,0,0.0,0.0,0.0,0.0,0.0,0.0,0.0,0.0,0.0,0.0,-1.0,-1.0,2.5025276510766337,-10.666090297612783,-2.1549964039986196,0.0,0.0,0.0,0.0,0.0,0.0,0,0,0.0,FAULT,-19.2,52,0,1,2,1,0.046,228.0,29,normal,0.119,5,0.01,0
1785480164.8162825,1785480164.816294,0.0,0.0,0.0,0.0,0.0,0.0,-1.0,0,0,0.0,0.0,0.0,0.0,0.0,0.0,0.0,0.0,0.0,0.0,-1.0,-1.0,2.5025276510766337,-10.666090297612783,-2.1549964039986196,0.0,0.0,0.0,0.0,0.0,0.0,0,0,0.0,FAULT,-19.2,52,0,1,2,1,0.046,227.9,29,normal,0.119,5,0.0,0
1785480164.8667114,1785480164.8667586,0.0,0.0,0.0,0.0,0.0,0.0,-1.0,0,0,0.0,0.0,0.0,0.0,0.0,0.0,0.0,0.0,0.0,0.0,-1.0,-1.0,2.5025276510766337,-10.666090297612783,-2.1549964039986196,0.0,0.0,0.0,0.0,0.0,0.0,0,0,0.0,FAULT,-19.2,52,0,1,2,1,0.044,228.0,29,normal,0.119,5,0.02,0
1785480164.917939,1785480164.918029,0.0,0.0,0.0,0.0,0.0,0.0,-1.0,0,0,0.0,0.0,0.0,0.0,0.0,0.0,0.0,0.0,0.0,0.0,-1.0,-1.0,2.5025276510766337,-10.666090297612783,-2.1549964039986196,0.0,0.0,0.0,0.0,0.0,0.0,0,0,0.0,FAULT,-19.2,52,0,1,2,1,0.047,228.0,29,normal,0.119,5,0.03,0
1785480164.968338,1785480164.9683676,0.0,0.0,0.0,0.0,0.0,0.0,-1.0,0,0,0.0,0.0,0.0,0.0,0.0,0.0,0.0,0.0,0.0,0.0,-1.0,-1.0,2.5025276510766337,-10.666090297612783,-2.1549964039986196,0.0,0.0,0.0,0.0,0.0,0.0,0,0,0.0,FAULT,-19.2,52,0,1,2,1,0.045,228.0,29,normal,0.119,5,0.01,0
1785480165.016834,1785480165.016875,0.0,0.0,0.0,0.0,0.0,0.0,-1.0,0,0,0.0,0.0,0.0,0.0,0.0,0.0,0.0,0.0,0.0,0.0,-1.0,-1.0,2.5025276510766337,-10.666090297612783,-2.1549964039986196,0.0,0.0,0.0,0.0,0.0,0.0,0,0,0.0,FAULT,-19.2,52,0,1,2,1,0.045,228.0,29,normal,0.119,5,0.03,0
1785480165.0665152,1785480165.0665686,0.0,0.0,0.0,0.0,0.0,0.0,-1.0,0,0,0.0,0.0,0.0,0.0,0.0,0.0,0.0,0.0,0.0,0.0,-1.0,-1.0,2.5025276510766337,-10.666090297612783,-2.1549964039986196,0.0,0.0,0.0,0.0,0.0,0.0,0,0,0.0,FAULT,-19.2,52,0,1,2,1,0.045,228.0,29,normal,0.119,5,0.01,0
1785480165.11636,1785480165.1163783,0.0,0.0,0.0,0.0,0.0,0.0,-1.0,0,0,0.0,0.0,0.0,0.0,0.0,0.0,0.0,0.0,0.0,0.0,-1.0,-1.0,2.5025276510766337,-10.666090297612783,-2.1549964039986196,0.0,0.0,0.0,0.0,0.0,0.0,0,0,0.0,FAULT,-19.2,52,0,1,2,1,0.045,228.0,29,normal,0.119,5,0.03,0
1785480165.1663706,1785480165.1663833,0.0,0.0,0.0,0.0,0.0,0.0,-1.0,0,0,0.0,0.0,0.0,0.0,0.0,0.0,0.0,0.0,0.0,0.0,-1.0,-1.0,2.5025276510766337,-10.666090297612783,-2.1549964039986196,0.0,0.0,0.0,0.0,0.0,0.0,0,0,0.0,FAULT,-19.2,52,0,1,2,1,0.045,228.0,29,normal,0.119,5,0.02,0
1785480165.2163126,1785480165.2163243,0.0,0.0,0.0,0.0,0.0,0.0,-1.0,0,0,0.0,0.0,0.0,0.0,0.0,0.0,0.0,0.0,0.0,0.0,-1.0,-1.0,2.5025276510766337,-10.666090297612783,-2.1549964039986196,0.0,0.0,0.0,0.0,0.0,0.0,0,0,0.0,FAULT,-19.2,52,0,1,2,1,0.045,228.0,29,normal,0.119,5,0.03,0
1785480165.2664235,1785480165.2664537,0.0,0.0,0.0,0.0,0.0,0.0,-1.0,0,0,0.0,0.0,0.0,0.0,0.0,0.0,0.0,0.0,0.0,0.0,-1.0,-1.0,2.5025276510766337,-10.666090297612783,-2.1549964039986196,0.0,0.0,0.0,0.0,0.0,0.0,0,0,0.0,FAULT,-19.2,52,0,1,2,1,0.046,228.0,29,normal,0.119,5,0.01,0
1785480165.3173816,1785480165.3174067,0.0,0.0,0.0,0.0,0.0,0.0,-1.0,0,0,0.0,0.0,0.0,0.0,0.0,0.0,0.0,0.0,0.0,0.0,-1.0,-1.0,2.5025276510766337,-10.666090297612783,-2.1549964039986196,0.0,0.0,0.0,0.0,0.0,0.0,0,0,0.0,FAULT,-19.2,52,0,1,2,1,0.045,228.0,29,normal,0.119,5,0.03,0
1785480165.3707232,1785480165.370759,0.0,0.0,0.0,0.0,0.0,0.0,-1.0,0,0,0.0,0.0,0.0,0.0,0.0,0.0,0.0,0.0,0.0,0.0,-1.0,-1.0,2.5025276510766337,-10.666090297612783,-2.1549964039986196,0.0,0.0,0.0,0.0,0.0,0.0,0,0,0.0,FAULT,-19.2,52,0,1,2,1,0.044,228.0,29,normal,0.119,5,0.01,0
1785480165.4218383,1785480165.4218528,0.0,0.0,0.0,0.0,0.0,0.0,-1.0,0,0,0.0,0.0,0.0,0.0,0.0,0.0,0.0,0.0,0.0,0.0,-1.0,-1.0,2.5025276510766337,-10.666090297612783,-2.1549964039986196,0.0,0.0,0.0,0.0,0.0,0.0,0,0,0.0,FAULT,-19.2,52,0,1,2,1,0.045,228.0,29,normal,0.119,5,0.03,0
1785480165.472016,1785480165.472054,0.0,0.0,0.0,0.0,0.0,0.0,-1.0,0,0,0.0,0.0,0.0,0.0,0.0,0.0,0.0,0.0,0.0,0.0,-1.0,-1.0,2.5025276510766337,-10.666090297612783,-2.1549964039986196,0.0,0.0,0.0,0.0,0.0,0.0,0,0,0.0,FAULT,-19.2,52,0,1,2,1,0.045,228.0,29,normal,0.119,5,0.02,0
1785480165.5190663,1785480165.5190883,0.0,0.0,0.0,0.0,0.0,0.0,-1.0,0,0,0.0,0.0,0.0,0.0,0.0,0.0,0.0,0.0,0.0,0.0,-1.0,-1.0,2.5025276510766337,-10.666090297612783,-2.1549964039986196,0.0,0.0,0.0,0.0,0.0,0.0,0,0,0.0,FAULT,-19.2,52,0,1,2,1,0.045,228.0,29,normal,0.119,5,0.03,0
1785480165.5666318,1785480165.5666606,0.0,0.0,0.0,0.0,0.0,0.0,-1.0,0,0,0.0,0.0,0.0,0.0,0.0,0.0,0.0,0.0,0.0,0.0,-1.0,-1.0,2.5025276510766337,-10.666090297612783,-2.1549964039986196,0.0,0.0,0.0,0.0,0.0,0.0,0,0,0.0,FAULT,-19.2,52,0,1,2,1,0.044,228.0,29,normal,0.119,5,0.02,0
1785480165.6187744,1785480165.618787,0.0,0.0,0.0,0.0,0.0,0.0,-1.0,0,0,0.0,0.0,0.0,0.0,0.0,0.0,0.0,0.0,0.0,0.0,-1.0,-1.0,2.5025276510766337,-10.666090297612783,-2.1549964039986196,0.0,0.0,0.0,0.0,0.0,0.0,0,0,0.0,FAULT,-19.2,52,0,1,2,1,0.044,228.0,29,normal,0.119,5,0.03,0
1785480165.66881,1785480165.6688185,0.0,0.0,0.0,0.0,0.0,0.0,-1.0,0,0,0.0,0.0,0.0,0.0,0.0,0.0,0.0,0.0,0.0,0.0,-1.0,-1.0,2.5025276510766337,-10.666090297612783,-2.1549964039986196,0.0,0.0,0.0,0.0,0.0,0.0,0,0,0.0,FAULT,-19.2,52,0,1,2,1,0.046,228.0,29,normal,0.119,5,0.02,0
1785480165.7230322,1785480165.7230635,0.0,0.0,0.0,0.0,0.0,0.0,-1.0,0,0,0.0,0.0,0.0,0.0,0.0,0.0,0.0,0.0,0.0,0.0,-1.0,-1.0,2.5025276510766337,-10.666090297612783,-2.1549964039986196,0.0,0.0,0.0,0.0,0.0,0.0,0,0,0.0,FAULT,-19.2,52,0,1,2,1,0.044,228.0,29,normal,0.119,5,0.02,0
1785480165.7732754,1785480165.7733092,0.0,0.0,0.0,0.0,0.0,0.0,-1.0,0,0,0.0,0.0,0.0,0.0,0.0,0.0,0.0,0.0,0.0,0.0,-1.0,-1.0,2.5025276510766337,-10.666090297612783,-2.1549964039986196,0.0,0.0,0.0,0.0,0.0,0.0,0,0,0.0,FAULT,-19.2,52,0,1,2,1,0.046,228.0,29,normal,0.119,5,0.01,0
1785480165.8268974,1785480165.8269305,0.0,0.0,0.0,0.0,0.0,0.0,-1.0,0,0,0.0,0.0,0.0,0.0,0.0,0.0,0.0,0.0,0.0,0.0,-1.0,-1.0,2.5025276510766337,-10.666090297612783,-2.1549964039986196,0.0,0.0,0.0,0.0,0.0,0.0,0,0,0.0,FAULT,-19.2,52,0,1,2,1,0.046,227.9,29,normal,0.119,5,0.0,0
1785480165.8774676,1785480165.8774834,0.0,0.0,0.0,0.0,0.0,0.0,-1.0,0,0,0.0,0.0,0.0,0.0,0.0,0.0,0.0,0.0,0.0,0.0,-1.0,-1.0,2.5025276510766337,-10.666090297612783,-2.1549964039986196,0.0,0.0,0.0,0.0,0.0,0.0,0,0,0.0,FAULT,-19.2,52,0,1,2,1,0.045,228.0,29,normal,0.119,5,0.02,0
1785480165.923378,1785480165.9233866,0.0,0.0,0.0,0.0,0.0,0.0,-1.0,0,0,0.0,0.0,0.0,0.0,0.0,0.0,0.0,0.0,0.0,0.0,-1.0,-1.0,2.5025276510766337,-10.666090297612783,-2.1549964039986196,0.0,0.0,0.0,0.0,0.0,0.0,0,0,0.0,FAULT,-19.2,52,0,1,2,1,0.047,228.0,29,normal,0.119,5,0.0,0
1785480165.9723222,1785480165.9723485,0.0,0.0,0.0,0.0,0.0,0.0,-1.0,0,0,0.0,0.0,0.0,0.0,0.0,0.0,0.0,0.0,0.0,0.0,-1.0,-1.0,2.5025276510766337,-10.666090297612783,-2.1549964039986196,0.0,0.0,0.0,0.0,0.0,0.0,0,0,0.0,FAULT,-19.2,52,0,1,2,1,0.047,227.9,29,normal,0.119,5,0.02,0
1785480166.023699,1785480166.0240138,0.0,0.0,0.0,0.0,0.0,0.0,-1.0,0,0,0.0,0.0,0.0,0.0,0.0,0.0,0.0,0.0,0.0,0.0,-1.0,-1.0,2.5025276510766337,-10.666090297612783,-2.1549964039986196,0.0,0.0,0.0,0.0,0.0,0.0,0,0,0.0,FAULT,-19.2,52,0,1,2,1,0.045,227.9,29,normal,0.119,5,0.01,0
1785480166.0758789,1785480166.0759397,0.0,0.0,0.0,0.0,0.0,0.0,-1.0,0,0,0.0,0.0,0.0,0.0,0.0,0.0,0.0,0.0,0.0,0.0,-1.0,-1.0,2.5025276510766337,-10.666090297612783,-2.1549964039986196,0.0,0.0,0.0,0.0,0.0,0.0,0,0,0.0,FAULT,-19.2,52,0,1,2,1,0.044,228.0,29,normal,0.119,5,0.02,0
1785480166.1223414,1785480166.12236,0.0,0.0,0.0,0.0,0.0,0.0,-1.0,0,0,0.0,0.0,0.0,0.0,0.0,0.0,0.0,0.0,0.0,0.0,-1.0,-1.0,2.5025276510766337,-10.666090297612783,-2.1549964039986196,0.0,0.0,0.0,0.0,0.0,0.0,0,0,0.0,FAULT,-19.2,52,0,1,2,1,0.047,228.0,29,normal,0.119,5,0.01,0
1785480166.1740773,1785480166.174118,0.0,0.0,0.0,0.0,0.0,0.0,-1.0,0,0,0.0,0.0,0.0,0.0,0.0,0.0,0.0,0.0,0.0,0.0,-1.0,-1.0,2.5025276510766337,-10.666090297612783,-2.1549964039986196,0.0,0.0,0.0,0.0,0.0,0.0,0,0,0.0,FAULT,-19.2,52,0,1,2,1,0.047,228.0,29,normal,0.119,5,0.03,0
1785480166.227427,1785480166.2274604,0.0,0.0,0.0,0.0,0.0,0.0,-1.0,0,0,0.0,0.0,0.0,0.0,0.0,0.0,0.0,0.0,0.0,0.0,-1.0,-1.0,2.5025276510766337,-10.666090297612783,-2.1549964039986196,0.0,0.0,0.0,0.0,0.0,0.0,0,0,0.0,FAULT,-19.2,52,0,1,2,1,0.046,228.0,29,normal,0.119,5,0.01,0
1785480166.2726796,1785480166.2726874,0.0,0.0,0.0,0.0,0.0,0.0,-1.0,0,0,0.0,0.0,0.0,0.0,0.0,0.0,0.0,0.0,0.0,0.0,-1.0,-1.0,2.5025276510766337,-10.666090297612783,-2.1549964039986196,0.0,0.0,0.0,0.0,0.0,0.0,0,0,0.0,FAULT,-19.2,52,0,1,2,1,0.046,228.0,29,normal,0.119,5,0.02,0
1785480166.3222044,1785480166.3222442,0.0,0.0,0.0,0.0,0.0,0.0,-1.0,0,0,0.0,0.0,0.0,0.0,0.0,0.0,0.0,0.0,0.0,0.0,-1.0,-1.0,2.5025276510766337,-10.666090297612783,-2.1549964039986196,0.0,0.0,0.0,0.0,0.0,0.0,0,0,0.0,FAULT,-19.2,52,0,1,2,1,0.045,227.9,29,normal,0.119,5,0.01,0
1785480166.3814318,1785480166.381468,0.0,0.0,0.0,0.0,0.0,0.0,-1.0,0,0,0.0,0.0,0.0,0.0,0.0,0.0,0.0,0.0,0.0,0.0,-1.0,-1.0,2.5025276510766337,-10.666090297612783,-2.1549964039986196,0.0,0.0,0.0,0.0,0.0,0.0,0,0,0.0,FAULT,-19.2,52,0,1,2,1,0.046,228.0,29,normal,0.119,5,0.03,0
1785480166.4305694,1785480166.4306064,0.0,0.0,0.0,0.0,0.0,0.0,-1.0,0,0,0.0,0.0,0.0,0.0,0.0,0.0,0.0,0.0,0.0,0.0,-1.0,-1.0,2.5025276510766337,-10.666090297612783,-2.1549964039986196,0.0,0.0,0.0,0.0,0.0,0.0,0,0,0.0,FAULT,-19.2,52,0,1,2,1,0.046,228.0,29,normal,0.119,5,0.01,0
1785480166.4822671,1785480166.4822977,0.0,0.0,0.0,0.0,0.0,0.0,-1.0,0,0,0.0,0.0,0.0,0.0,0.0,0.0,0.0,0.0,0.0,0.0,-1.0,-1.0,2.5025276510766337,-10.666090297612783,-2.1549964039986196,0.0,0.0,0.0,0.0,0.0,0.0,0,0,0.0,FAULT,-19.2,52,0,1,2,1,0.044,228.0,29,normal,0.119,5,0.03,0
1785480166.5307958,1785480166.5308378,0.0,0.0,0.0,0.0,0.0,0.0,-1.0,0,0,0.0,0.0,0.0,0.0,0.0,0.0,0.0,0.0,0.0,0.0,-1.0,-1.0,2.5025276510766337,-10.666090297612783,-2.1549964039986196,0.0,0.0,0.0,0.0,0.0,0.0,0,0,0.0,FAULT,-19.2,52,0,1,2,1,0.044,228.0,29,normal,0.119,5,0.02,0
1785480166.5832531,1785480166.583293,0.0,0.0,0.0,0.0,0.0,0.0,-1.0,0,0,0.0,0.0,0.0,0.0,0.0,0.0,0.0,0.0,0.0,0.0,-1.0,-1.0,2.5025276510766337,-10.666090297612783,-2.1549964039986196,0.0,0.0,0.0,0.0,0.0,0.0,0,0,0.0,FAULT,-19.2,52,0,1,2,1,0.047,227.9,29,normal,0.119,5,0.03,0
1785480166.6316104,1785480166.6316416,0.0,0.0,0.0,0.0,0.0,0.0,-1.0,0,0,0.0,0.0,0.0,0.0,0.0,0.0,0.0,0.0,0.0,0.0,-1.0,-1.0,2.5025276510766337,-10.666090297612783,-2.1549964039986196,0.0,0.0,0.0,0.0,0.0,0.0,0,0,0.0,FAULT,-19.2,52,0,1,2,1,0.045,228.0,29,normal,0.119,5,0.01,0
1785480166.6806881,1785480166.6806972,0.0,0.0,0.0,0.0,0.0,0.0,-1.0,0,0,0.0,0.0,0.0,0.0,0.0,0.0,0.0,0.0,0.0,0.0,-1.0,-1.0,2.5025276510766337,-10.666090297612783,-2.1549964039986196,0.0,0.0,0.0,0.0,0.0,0.0,0,0,0.0,FAULT,-19.2,52,0,1,2,1,0.045,228.0,29,normal,0.119,5,0.03,0
1785480166.730735,1785480166.730746,0.0,0.0,0.0,0.0,0.0,0.0,-1.0,0,0,0.0,0.0,0.0,0.0,0.0,0.0,0.0,0.0,0.0,0.0,-1.0,-1.0,2.5025276510766337,-10.666090297612783,-2.1549964039986196,0.0,0.0,0.0,0.0,0.0,0.0,0,0,0.0,FAULT,-19.2,52,0,1,2,1,0.045,227.9,29,normal,0.119,5,0.01,0
1785480166.7804747,1785480166.7804885,0.0,0.0,0.0,0.0,0.0,0.0,-1.0,0,0,0.0,0.0,0.0,0.0,0.0,0.0,0.0,0.0,0.0,0.0,-1.0,-1.0,2.5025276510766337,-10.666090297612783,-2.1549964039986196,0.0,0.0,0.0,0.0,0.0,0.0,0,0,0.0,FAULT,-19.2,52,0,1,2,1,0.045,227.9,29,normal,0.119,5,0.03,0
1785480166.8286169,1785480166.8286333,0.0,0.0,0.0,0.0,0.0,0.0,-1.0,0,0,0.0,0.0,0.0,0.0,0.0,0.0,0.0,0.0,0.0,0.0,-1.0,-1.0,2.5025276510766337,-10.666090297612783,-2.1549964039986196,0.0,0.0,0.0,0.0,0.0,0.0,0,0,0.0,FAULT,-19.2,52,0,1,2,1,0.047,228.0,29,normal,0.119,5,0.01,0
1785480166.8748505,1785480166.8748705,0.0,0.0,0.0,0.0,0.0,0.0,-1.0,0,0,0.0,0.0,0.0,0.0,0.0,0.0,0.0,0.0,0.0,0.0,-1.0,-1.0,2.5025276510766337,-10.666090297612783,-2.1549964039986196,0.0,0.0,0.0,0.0,0.0,0.0,0,0,0.0,FAULT,-19.2,52,0,1,2,1,0.047,227.9,29,normal,0.119,5,0.02,0
1785480166.9203174,1785480166.9203253,0.0,0.0,0.0,0.0,0.0,0.0,-1.0,0,0,0.0,0.0,0.0,0.0,0.0,0.0,0.0,0.0,0.0,0.0,-1.0,-1.0,2.5025276510766337,-10.666090297612783,-2.1549964039986196,0.0,0.0,0.0,0.0,0.0,0.0,0,0,0.0,FAULT,-19.2,52,0,1,2,1,0.043,228.0,29,normal,0.119,5,0.03,0
1785480166.9699037,1785480166.9699557,0.0,0.0,0.0,0.0,0.0,0.0,-1.0,0,0,0.0,0.0,0.0,0.0,0.0,0.0,0.0,0.0,0.0,0.0,-1.0,-1.0,2.5025276510766337,-10.666090297612783,-2.1549964039986196,0.0,0.0,0.0,0.0,0.0,0.0,0,0,0.0,FAULT,-19.2,52,0,1,2,1,0.046,228.0,29,normal,0.119,5,0.02,0
1785480167.019309,1785480167.0193202,0.0,0.0,0.0,0.0,0.0,0.0,-1.0,0,0,0.0,0.0,0.0,0.0,0.0,0.0,0.0,0.0,0.0,0.0,-1.0,-1.0,2.5025276510766337,-10.666090297612783,-2.1549964039986196,0.0,0.0,0.0,0.0,0.0,0.0,0,0,0.0,FAULT,-19.2,52,0,1,2,1,0.046,228.0,29,normal,0.119,5,0.01,0
1785480167.0727644,1785480167.0727983,0.0,0.0,0.0,0.0,0.0,0.0,-1.0,0,0,0.0,0.0,0.0,0.0,0.0,0.0,0.0,0.0,0.0,0.0,-1.0,-1.0,2.5025276510766337,-10.666090297612783,-2.1549964039986196,0.0,0.0,0.0,0.0,0.0,0.0,0,0,0.0,FAULT,-19.2,52,0,1,2,1,0.045,228.0,29,normal,0.119,5,0.02,0
1785480167.119683,1785480167.119716,0.0,0.0,0.0,0.0,0.0,0.0,-1.0,0,0,0.0,0.0,0.0,0.0,0.0,0.0,0.0,0.0,0.0,0.0,-1.0,-1.0,2.5025276510766337,-10.666090297612783,-2.1549964039986196,0.0,0.0,0.0,0.0,0.0,0.0,0,0,0.0,FAULT,-19.2,52,0,1,2,1,0.044,227.9,29,normal,0.119,5,0.03,0
1785480167.1687264,1785480167.16877,0.0,0.0,0.0,0.0,0.0,0.0,-1.0,0,0,0.0,0.0,0.0,0.0,0.0,0.0,0.0,0.0,0.0,0.0,-1.0,-1.0,2.5025276510766337,-10.666090297612783,-2.1549964039986196,0.0,0.0,0.0,0.0,0.0,0.0,0,0,0.0,FAULT,-19.2,52,0,1,2,1,0.046,228.0,29,normal,0.119,5,0.02,0
1785480167.21955,1785480167.2195885,0.0,0.0,0.0,0.0,0.0,0.0,-1.0,0,0,0.0,0.0,0.0,0.0,0.0,0.0,0.0,0.0,0.0,0.0,-1.0,-1.0,2.5025276510766337,-10.666090297612783,-2.1549964039986196,0.0,0.0,0.0,0.0,0.0,0.0,0,0,0.0,FAULT,-19.2,52,0,1,2,1,0.044,228.0,29,normal,0.119,5,0.03,0
1785480167.2701397,1785480167.2701807,0.0,0.0,0.0,0.0,0.0,0.0,-1.0,0,0,0.0,0.0,0.0,0.0,0.0,0.0,0.0,0.0,0.0,0.0,-1.0,-1.0,2.5025276510766337,-10.666090297612783,-2.1549964039986196,0.0,0.0,0.0,0.0,0.0,0.0,0,0,0.0,FAULT,-19.2,52,0,1,2,1,0.045,228.0,29,normal,0.119,5,0.02,0
1785480167.3191886,1785480167.3192306,0.0,0.0,0.0,0.0,0.0,0.0,-1.0,0,0,0.0,0.0,0.0,0.0,0.0,0.0,0.0,0.0,0.0,0.0,-1.0,-1.0,2.5025276510766337,-10.666090297612783,-2.1549964039986196,0.0,0.0,0.0,0.0,0.0,0.0,0,0,0.0,FAULT,-19.2,52,0,1,2,1,0.046,228.0,29,normal,0.119,5,0.0,0
1785480167.3743434,1785480167.3743901,0.0,0.0,0.0,0.0,0.0,0.0,-1.0,0,0,0.0,0.0,0.0,0.0,0.0,0.0,0.0,0.0,0.0,0.0,-1.0,-1.0,2.5025276510766337,-10.666090297612783,-2.1549964039986196,0.0,0.0,0.0,0.0,0.0,0.0,0,0,0.0,FAULT,-19.2,52,0,1,2,1,0.047,227.9,29,normal,0.119,5,0.02,0
1785480167.4234993,1785480167.4235387,0.0,0.0,0.0,0.0,0.0,0.0,-1.0,0,0,0.0,0.0,0.0,0.0,0.0,0.0,0.0,0.0,0.0,0.0,-1.0,-1.0,2.5025276510766337,-10.666090297612783,-2.1549964039986196,0.0,0.0,0.0,0.0,0.0,0.0,0,0,0.0,FAULT,-19.2,52,0,1,2,1,0.045,227.9,29,normal,0.119,5,0.01,0
1785480167.4716709,1785480167.4716797,0.0,0.0,0.0,0.0,0.0,0.0,-1.0,0,0,0.0,0.0,0.0,0.0,0.0,0.0,0.0,0.0,0.0,0.0,-1.0,-1.0,2.5025276510766337,-10.666090297612783,-2.1549964039986196,0.0,0.0,0.0,0.0,0.0,0.0,0,0,0.0,FAULT,-19.2,52,0,1,2,1,0.046,228.0,29,normal,0.119,5,0.02,0
1785480167.517137,1785480167.5171456,0.0,0.0,0.0,0.0,0.0,0.0,-1.0,0,0,0.0,0.0,0.0,0.0,0.0,0.0,0.0,0.0,0.0,0.0,-1.0,-1.0,2.5025276510766337,-10.666090297612783,-2.1549964039986196,0.0,0.0,0.0,0.0,0.0,0.0,0,0,0.0,FAULT,-19.2,52,0,1,2,1,0.046,228.0,29,normal,0.119,5,0.03,0
1785480167.5668943,1785480167.5669127,0.0,0.0,0.0,0.0,0.0,0.0,-1.0,0,0,0.0,0.0,0.0,0.0,0.0,0.0,0.0,0.0,0.0,0.0,-1.0,-1.0,2.5025276510766337,-10.666090297612783,-2.1549964039986196,0.0,0.0,0.0,0.0,0.0,0.0,0,0,0.0,FAULT,-19.2,52,0,1,2,1,0.046,228.0,29,normal,0.119,5,0.02,0
1785480167.6164849,1785480167.6165185,0.0,0.0,0.0,0.0,0.0,0.0,-1.0,0,0,0.0,0.0,0.0,0.0,0.0,0.0,0.0,0.0,0.0,0.0,-1.0,-1.0,2.5025276510766337,-10.666090297612783,-2.1549964039986196,0.0,0.0,0.0,0.0,0.0,0.0,0,0,0.0,FAULT,-19.2,52,0,1,2,1,0.046,228.0,29,normal,0.119,5,0.03,0
1785480167.6666458,1785480167.6666849,0.0,0.0,0.0,0.0,0.0,0.0,-1.0,0,0,0.0,0.0,0.0,0.0,0.0,0.0,0.0,0.0,0.0,0.0,-1.0,-1.0,2.5025276510766337,-10.666090297612783,-2.1549964039986196,0.0,0.0,0.0,0.0,0.0,0.0,0,0,0.0,FAULT,-19.2,52,0,1,2,1,0.045,227.9,29,normal,0.119,5,0.02,0
1785480167.716287,1785480167.7163012,0.0,0.0,0.0,0.0,0.0,0.0,-1.0,0,0,0.0,0.0,0.0,0.0,0.0,0.0,0.0,0.0,0.0,0.0,-1.0,-1.0,2.5025276510766337,-10.666090297612783,-2.1549964039986196,0.0,0.0,0.0,0.0,0.0,0.0,0,0,0.0,FAULT,-19.2,52,0,1,2,1,0.045,228.0,29,normal,0.119,5,0.03,0
1785480167.7664003,1785480167.7664294,0.0,0.0,0.0,0.0,0.0,0.0,-1.0,0,0,0.0,0.0,0.0,0.0,0.0,0.0,0.0,0.0,0.0,0.0,-1.0,-1.0,2.5025276510766337,-10.666090297612783,-2.1549964039986196,0.0,0.0,0.0,0.0,0.0,0.0,0,0,0.0,FAULT,-19.2,52,0,1,2,1,0.047,228.0,29,normal,0.119,5,0.01,0
1785480167.8168812,1785480167.8168936,0.0,0.0,0.0,0.0,0.0,0.0,-1.0,0,0,0.0,0.0,0.0,0.0,0.0,0.0,0.0,0.0,0.0,0.0,-1.0,-1.0,2.5025276510766337,-10.666090297612783,-2.1549964039986196,0.0,0.0,0.0,0.0,0.0,0.0,0,0,0.0,FAULT,-19.2,52,0,1,2,1,0.046,228.0,29,normal,0.119,5,0.03,0
1785480167.8664093,1785480167.866439,0.0,0.0,0.0,0.0,0.0,0.0,-1.0,0,0,0.0,0.0,0.0,0.0,0.0,0.0,0.0,0.0,0.0,0.0,-1.0,-1.0,2.5025276510766337,-10.666090297612783,-2.1549964039986196,0.0,0.0,0.0,0.0,0.0,0.0,0,0,0.0,FAULT,-19.2,52,0,1,2,1,0.046,228.0,29,normal,0.119,5,0.01,0
1785480167.9163997,1785480167.9164126,0.0,0.0,0.0,0.0,0.0,0.0,-1.0,0,0,0.0,0.0,0.0,0.0,0.0,0.0,0.0,0.0,0.0,0.0,-1.0,-1.0,2.5025276510766337,-10.666090297612783,-2.1549964039986196,0.0,0.0,0.0,0.0,0.0,0.0,0,0,0.0,FAULT,-19.2,52,0,1,2,1,0.046,228.0,29,normal,0.119,5,0.03,0
1785480167.966723,1785480167.9667654,0.0,0.0,0.0,0.0,0.0,0.0,-1.0,0,0,0.0,0.0,0.0,0.0,0.0,0.0,0.0,0.0,0.0,0.0,-1.0,-1.0,2.5025276510766337,-10.666090297612783,-2.1549964039986196,0.0,0.0,0.0,0.0,0.0,0.0,0,0,0.0,FAULT,-19.2,52,0,1,2,1,0.044,227.9,29,normal,0.119,5,0.02,0
1785480168.0163338,1785480168.016348,0.0,0.0,0.0,0.0,0.0,0.0,-1.0,0,0,0.0,0.0,0.0,0.0,0.0,0.0,0.0,0.0,0.0,0.0,-1.0,-1.0,2.5025276510766337,-10.666090297612783,-2.1549964039986196,0.0,0.0,0.0,0.0,0.0,0.0,0,0,0.0,FAULT,-19.2,52,0,1,2,1,0.045,228.0,29,normal,0.119,5,0.03,0
1785480168.0664504,1785480168.0664876,0.0,0.0,0.0,0.0,0.0,0.0,-1.0,0,0,0.0,0.0,0.0,0.0,0.0,0.0,0.0,0.0,0.0,0.0,-1.0,-1.0,2.5025276510766337,-10.666090297612783,-2.1549964039986196,0.0,0.0,0.0,0.0,0.0,0.0,0,0,0.0,FAULT,-19.2,52,0,1,2,1,0.045,228.0,29,normal,0.119,5,0.02,0
1785480168.1163995,1785480168.1164126,0.0,0.0,0.0,0.0,0.0,0.0,-1.0,0,0,0.0,0.0,0.0,0.0,0.0,0.0,0.0,0.0,0.0,0.0,-1.0,-1.0,2.5025276510766337,-10.666090297612783,-2.1549964039986196,0.0,0.0,0.0,0.0,0.0,0.0,0,0,0.0,FAULT,-19.2,52,0,1,2,1,0.046,228.0,29,normal,0.119,5,0.03,0
1785480168.1666172,1785480168.166639,0.0,0.0,0.0,0.0,0.0,0.0,-1.0,0,0,0.0,0.0,0.0,0.0,0.0,0.0,0.0,0.0,0.0,0.0,-1.0,-1.0,2.5025276510766337,-10.666090297612783,-2.1549964039986196,0.0,0.0,0.0,0.0,0.0,0.0,0,0,0.0,FAULT,-19.2,52,0,1,2,1,0.044,228.0,29,normal,0.119,5,0.02,0
1785480168.2168722,1785480168.2169106,0.0,0.0,0.0,0.0,0.0,0.0,-1.0,0,0,0.0,0.0,0.0,0.0,0.0,0.0,0.0,0.0,0.0,0.0,-1.0,-1.0,2.5025276510766337,-10.666090297612783,-2.1549964039986196,0.0,0.0,0.0,0.0,0.0,0.0,0,0,0.0,FAULT,-19.2,52,0,1,2,1,0.045,228.0,29,normal,0.119,5,0.03,0
1785480168.266586,1785480168.26663,0.0,0.0,0.0,0.0,0.0,0.0,-1.0,0,0,0.0,0.0,0.0,0.0,0.0,0.0,0.0,0.0,0.0,0.0,-1.0,-1.0,2.5025276510766337,-10.666090297612783,-2.1549964039986196,0.0,0.0,0.0,0.0,0.0,0.0,0,0,0.0,FAULT,-19.2,52,0,1,2,1,0.046,228.0,29,normal,0.119,5,0.02,0
1785480168.3162572,1785480168.3162677,0.0,0.0,0.0,0.0,0.0,0.0,-1.0,0,0,0.0,0.0,0.0,0.0,0.0,0.0,0.0,0.0,0.0,0.0,-1.0,-1.0,2.5025276510766337,-10.666090297612783,-2.1549964039986196,0.0,0.0,0.0,0.0,0.0,0.0,0,0,0.0,FAULT,-19.2,52,0,1,2,1,0.045,228.0,29,normal,0.119,5,0.0,0
1785480168.366599,1785480168.366625,0.0,0.0,0.0,0.0,0.0,0.0,-1.0,0,0,0.0,0.0,0.0,0.0,0.0,0.0,0.0,0.0,0.0,0.0,-1.0,-1.0,2.5025276510766337,-10.666090297612783,-2.1549964039986196,0.0,0.0,0.0,0.0,0.0,0.0,0,0,0.0,FAULT,-19.2,52,0,1,2,1,0.046,228.0,29,normal,0.119,5,0.02,0
1785480168.416642,1785480168.4166796,0.0,0.0,0.0,0.0,0.0,0.0,-1.0,0,0,0.0,0.0,0.0,0.0,0.0,0.0,0.0,0.0,0.0,0.0,-1.0,-1.0,2.5025276510766337,-10.666090297612783,-2.1549964039986196,0.0,0.0,0.0,0.0,0.0,0.0,0,0,0.0,FAULT,-19.2,52,0,1,2,1,0.045,227.9,29,normal,0.119,5,0.0,0
1785480168.4672568,1785480168.4672942,0.0,0.0,0.0,0.0,0.0,0.0,-1.0,0,0,0.0,0.0,0.0,0.0,0.0,0.0,0.0,0.0,0.0,0.0,-1.0,-1.0,2.5025276510766337,-10.666090297612783,-2.1549964039986196,0.0,0.0,0.0,0.0,0.0,0.0,0,0,0.0,FAULT,-19.2,52,0,1,2,1,0.046,228.0,29,normal,0.119,5,0.02,0
1785480168.516281,1785480168.5162945,0.0,0.0,0.0,0.0,0.0,0.0,-1.0,0,0,0.0,0.0,0.0,0.0,0.0,0.0,0.0,0.0,0.0,0.0,-1.0,-1.0,2.5025276510766337,-10.666090297612783,-2.1549964039986196,0.0,0.0,0.0,0.0,0.0,0.0,0,0,0.0,FAULT,-19.2,52,0,1,2,1,0.047,228.0,29,normal,0.119,5,0.01,0
1785480168.5698228,1785480168.5698557,0.0,0.0,0.0,0.0,0.0,0.0,-1.0,0,0,0.0,0.0,0.0,0.0,0.0,0.0,0.0,0.0,0.0,0.0,-1.0,-1.0,2.5025276510766337,-10.666090297612783,-2.1549964039986196,0.0,0.0,0.0,0.0,0.0,0.0,0,0,0.0,FAULT,-19.2,52,0,1,2,1,0.046,228.0,29,normal,0.119,5,0.02,0
1785480168.6162329,1785480168.6162434,0.0,0.0,0.0,0.0,0.0,0.0,-1.0,0,0,0.0,0.0,0.0,0.0,0.0,0.0,0.0,0.0,0.0,0.0,-1.0,-1.0,2.5025276510766337,-10.666090297612783,-2.1549964039986196,0.0,0.0,0.0,0.0,0.0,0.0,0,0,0.0,FAULT,-19.2,52,0,1,2,1,0.045,227.9,29,normal,0.119,5,0.03,0
1785480168.6668537,1785480168.666868,0.0,0.0,0.0,0.0,0.0,0.0,-1.0,0,0,0.0,0.0,0.0,0.0,0.0,0.0,0.0,0.0,0.0,0.0,-1.0,-1.0,2.5025276510766337,-10.666090297612783,-2.1549964039986196,0.0,0.0,0.0,0.0,0.0,0.0,0,0,0.0,FAULT,-19.2,52,0,1,2,1,0.046,228.0,29,normal,0.119,5,0.01,0
1785480168.718389,1785480168.718399,0.0,0.0,0.0,0.0,0.0,0.0,-1.0,0,0,0.0,0.0,0.0,0.0,0.0,0.0,0.0,0.0,0.0,0.0,-1.0,-1.0,2.5025276510766337,-10.666090297612783,-2.1549964039986196,0.0,0.0,0.0,0.0,0.0,0.0,0,0,0.0,FAULT,-19.2,52,0,1,2,1,0.047,227.9,29,normal,0.119,5,0.0,0
1785480168.7732935,1785480168.7733285,0.0,0.0,0.0,0.0,0.0,0.0,-1.0,0,0,0.0,0.0,0.0,0.0,0.0,0.0,0.0,0.0,0.0,0.0,-1.0,-1.0,2.5025276510766337,-10.666090297612783,-2.1549964039986196,0.0,0.0,0.0,0.0,0.0,0.0,0,0,0.0,FAULT,-19.2,52,0,1,2,1,0.044,228.0,29,normal,0.119,5,0.03,0
1785480168.821029,1785480168.8210452,0.0,0.0,0.0,0.0,0.0,0.0,-1.0,0,0,0.0,0.0,0.0,0.0,0.0,0.0,0.0,0.0,0.0,0.0,-1.0,-1.0,2.5025276510766337,-10.666090297612783,-2.1549964039986196,0.0,0.0,0.0,0.0,0.0,0.0,0,0,0.0,FAULT,-19.2,52,0,1,2,1,0.045,228.0,29,normal,0.119,5,0.01,0
1785480168.8683739,1785480168.8683858,0.0,0.0,0.0,0.0,0.0,0.0,-1.0,0,0,0.0,0.0,0.0,0.0,0.0,0.0,0.0,0.0,0.0,0.0,-1.0,-1.0,2.5025276510766337,-10.666090297612783,-2.1549964039986196,0.0,0.0,0.0,0.0,0.0,0.0,0,0,0.0,FAULT,-19.2,52,0,1,2,1,0.045,227.9,29,normal,0.119,5,0.02,0
1785480168.9164662,1785480168.9165013,0.0,0.0,0.0,0.0,0.0,0.0,-1.0,0,0,0.0,0.0,0.0,0.0,0.0,0.0,0.0,0.0,0.0,0.0,-1.0,-1.0,2.5025276510766337,-10.666090297612783,-2.1549964039986196,0.0,0.0,0.0,0.0,0.0,0.0,0,0,0.0,FAULT,-19.2,52,0,1,2,1,0.046,228.0,29,normal,0.119,5,0.04,0
1785480168.967123,1785480168.9671597,0.0,0.0,0.0,0.0,0.0,0.0,-1.0,0,0,0.0,0.0,0.0,0.0,0.0,0.0,0.0,0.0,0.0,0.0,-1.0,-1.0,2.5025276510766337,-10.666090297612783,-2.1549964039986196,0.0,0.0,0.0,0.0,0.0,0.0,0,0,0.0,FAULT,-19.2,52,0,1,2,1,0.048,228.0,29,normal,0.119,5,0.01,0
1785480169.0182953,1785480169.0183055,0.0,0.0,0.0,0.0,0.0,0.0,-1.0,0,0,0.0,0.0,0.0,0.0,0.0,0.0,0.0,0.0,0.0,0.0,-1.0,-1.0,2.5025276510766337,-10.666090297612783,-2.1549964039986196,0.0,0.0,0.0,0.0,0.0,0.0,0,0,0.0,FAULT,-19.2,52,0,1,2,1,0.047,228.0,29,normal,0.119,5,0.03,0
1785480169.0661938,1785480169.0662017,0.0,0.0,0.0,0.0,0.0,0.0,-1.0,0,0,0.0,0.0,0.0,0.0,0.0,0.0,0.0,0.0,0.0,0.0,-1.0,-1.0,2.5025276510766337,-10.666090297612783,-2.1549964039986196,0.0,0.0,0.0,0.0,0.0,0.0,0,0,0.0,FAULT,-19.2,52,0,1,2,1,0.046,228.0,29,normal,0.119,5,0.01,0
1785480169.1180305,1785480169.11804,0.0,0.0,0.0,0.0,0.0,0.0,-1.0,0,0,0.0,0.0,0.0,0.0,0.0,0.0,0.0,0.0,0.0,0.0,-1.0,-1.0,2.5025276510766337,-10.666090297612783,-2.1549964039986196,0.0,0.0,0.0,0.0,0.0,0.0,0,0,0.0,FAULT,-19.2,52,0,1,2,1,0.047,228.0,29,normal,0.119,5,0.02,0
1785480169.166235,1785480169.1662462,0.0,0.0,0.0,0.0,0.0,0.0,-1.0,0,0,0.0,0.0,0.0,0.0,0.0,0.0,0.0,0.0,0.0,0.0,-1.0,-1.0,2.5025276510766337,-10.666090297612783,-2.1549964039986196,0.0,0.0,0.0,0.0,0.0,0.0,0,0,0.0,FAULT,-19.2,52,0,1,2,1,0.044,228.0,29,normal,0.119,5,0.01,0
1785480169.2163706,1785480169.2163904,0.0,0.0,0.0,0.0,0.0,0.0,-1.0,0,0,0.0,0.0,0.0,0.0,0.0,0.0,0.0,0.0,0.0,0.0,-1.0,-1.0,2.5025276510766337,-10.666090297612783,-2.1549964039986196,0.0,0.0,0.0,0.0,0.0,0.0,0,0,0.0,FAULT,-19.2,52,0,1,2,1,0.045,228.0,29,normal,0.119,5,0.03,0
1785480169.2662847,1785480169.2662933,0.0,0.0,0.0,0.0,0.0,0.0,-1.0,0,0,0.0,0.0,0.0,0.0,0.0,0.0,0.0,0.0,0.0,0.0,-1.0,-1.0,2.5025276510766337,-10.666090297612783,-2.1549964039986196,0.0,0.0,0.0,0.0,0.0,0.0,0,0,0.0,FAULT,-19.2,52,0,1,2,1,0.044,228.0,29,normal,0.119,5,0.02,0
1785480169.3162656,1785480169.3162763,0.0,0.0,0.0,0.0,0.0,0.0,-1.0,0,0,0.0,0.0,0.0,0.0,0.0,0.0,0.0,0.0,0.0,0.0,-1.0,-1.0,2.5025276510766337,-10.666090297612783,-2.1549964039986196,0.0,0.0,0.0,0.0,0.0,0.0,0,0,0.0,FAULT,-19.2,52,0,1,2,1,0.046,228.0,29,normal,0.119,5,0.03,0
1785480169.3668683,1785480169.366909,0.0,0.0,0.0,0.0,0.0,0.0,-1.0,0,0,0.0,0.0,0.0,0.0,0.0,0.0,0.0,0.0,0.0,0.0,-1.0,-1.0,2.5025276510766337,-10.666090297612783,-2.1549964039986196,0.0,0.0,0.0,0.0,0.0,0.0,0,0,0.0,FAULT,-19.2,52,0,1,2,1,0.049,227.9,29,normal,0.119,5,0.02,0
1785480169.4173908,1785480169.4174085,0.0,0.0,0.0,0.0,0.0,0.0,-1.0,0,0,0.0,0.0,0.0,0.0,0.0,0.0,0.0,0.0,0.0,0.0,-1.0,-1.0,2.5025276510766337,-10.666090297612783,-2.1549964039986196,0.0,0.0,0.0,0.0,0.0,0.0,0,0,0.0,FAULT,-19.2,52,0,1,2,1,0.045,227.9,29,normal,0.119,5,0.03,0
1785480169.4668834,1785480169.4669132,0.0,0.0,0.0,0.0,0.0,0.0,-1.0,0,0,0.0,0.0,0.0,0.0,0.0,0.0,0.0,0.0,0.0,0.0,-1.0,-1.0,2.5025276510766337,-10.666090297612783,-2.1549964039986196,0.0,0.0,0.0,0.0,0.0,0.0,0,0,0.0,FAULT,-19.2,52,0,1,2,1,0.046,228.0,29,normal,0.119,5,0.01,0
1785480169.5178235,1785480169.5178325,0.0,0.0,0.0,0.0,0.0,0.0,-1.0,0,0,0.0,0.0,0.0,0.0,0.0,0.0,0.0,0.0,0.0,0.0,-1.0,-1.0,2.5025276510766337,-10.666090297612783,-2.1549964039986196,0.0,0.0,0.0,0.0,0.0,0.0,0,0,0.0,FAULT,-19.2,52,0,1,2,1,0.047,228.0,29,normal,0.119,5,0.03,0
1785480169.567774,1785480169.5678086,0.0,0.0,0.0,0.0,0.0,0.0,-1.0,0,0,0.0,0.0,0.0,0.0,0.0,0.0,0.0,0.0,0.0,0.0,-1.0,-1.0,2.5025276510766337,-10.666090297612783,-2.1549964039986196,0.0,0.0,0.0,0.0,0.0,0.0,0,0,0.0,RUNNING,-19.2,52,0,1,2,1,0.045,228.0,29,normal,0.119,5,0.01,0
1785480169.6168962,1785480169.6169324,0.0,0.0,0.0,0.0,0.0,0.0,-1.0,0,0,0.0,0.0,0.0,0.0,0.0,0.0,0.0,0.0,0.0,0.0,-1.0,-1.0,2.5025276510766337,-10.666090297612783,-2.1549964039986196,0.0,0.0,0.0,0.0,0.0,0.0,0,0,0.0,RUNNING,-19.2,52,0,1,2,1,0.045,228.0,29,normal,0.119,5,0.02,0
1785480169.6665936,1785480169.6666286,0.0,0.0,0.0,0.0,0.0,0.0,-1.0,0,0,0.0,0.0,0.0,0.0,0.0,0.0,0.0,0.0,0.0,0.0,-1.0,-1.0,2.5025276510766337,-10.666090297612783,-2.1549964039986196,0.0,0.0,0.0,0.0,0.0,0.0,0,0,0.0,RUNNING,-19.2,52,0,1,2,1,0.044,227.9,29,normal,0.119,5,0.01,0
1785480169.723306,1785480169.723339,0.09251480102539063,7.5e-05,-0.18338200313959174,0.0,0.0,0.0,-1.0,0,0,0.0,0.0,0.0,0.0,0.0,0.0,0.0,0.0,0.0,0.0,-1.0,-1.0,2.5025276510766337,-10.666090297612783,-2.1549964039986196,0.0,0.0,0.0,0.0,0.0,0.0,0,0,0.0,RUNNING,-19.2,52,0,1,2,1,0.046,228.0,29,normal,0.119,5,0.01,0
1785480169.7870498,1785480169.7870817,0.10042673746744792,7.5e-05,-0.23452209144376218,0.0,0.0,0.0,-1.0,0,0,0.0,0.0,0.0,0.0,0.0,0.0,0.0,0.0,0.0,0.0,-1.0,-1.0,2.5025276510766337,-10.666090297612783,-2.1549964039986196,0.0,0.0,0.0,0.0,0.0,0.0,0,0,0.0,RUNNING,-19.2,52,0,1,2,1,0.048,228.0,29,normal,0.119,5,0.03,0
1785480169.8412614,1785480169.8413134,0.10467175801595052,7.5e-05,-0.30065027002938516,0.01625599637577778,-0.0052831988221277775,-0.024982321155336985,-1.0,0,0,0.0,0.0,0.0,0.0,0.0,0.0,0.0,0.0,0.0,0.0,-1.0,-1.0,2.501850856858551,-10.666629100107922,-2.1562607621952226,0.0,0.0,0.0,0.0,0.0,0.0,0,0,0.0,RUNNING,-19.2,52,0,1,2,1,0.046,228.0,29,normal,0.119,5,0.02,0
1785480169.8869529,1785480169.8869622,0.10895278930664062,7.5e-05,-0.253958647566905,0.027093327292962963,-0.005283198822127779,-0.12491160577668493,-1.0,0,0,0.0,0.0,0.0,0.0,0.0,0.0,0.0,0.0,0.0,0.0,-1.0,-1.0,2.50087896848846,-10.667615382172162,-2.1625266666016096,0.0,0.0,0.0,0.0,0.0,0.0,0,0,0.0,RUNNING,-19.2,52,0,1,2,1,0.046,228.0,29,normal,0.119,5,0.03,0
1785480169.9337342,1785480169.933762,0.1132086435953776,7.3125e-05,-0.29186610071906766,0.04334932366874074,0.0,-0.09992928462134795,-1.0,0,0,0.0,0.0,0.0,0.0,0.0,0.0,0.0,0.0,0.0,0.0,-1.0,-1.0,2.499676174370122,-10.669405082288275,-2.1674974495061754,0.0,0.0,0.0,0.0,0.0,0.0,0,0,0.0,RUNNING,-19.2,52,0,1,2,1,0.052,228.0,29,normal,0.119,5,0.01,0
1785480169.9809055,1785480169.9809153,0.11747367858886718,7.3125e-05,-0.26344081131254765,0.05418665458592593,0.0,-0.24982321155336987,-1.0,0,0,0.0,0.0,0.0,0.0,0.0,0.0,0.0,0.0,0.0,0.0,-1.0,-1.0,2.498145701488704,-10.671658081056052,-2.1800546875738305,0.0,0.0,0.0,0.0,0.0,0.0,0,0,0.0,RUNNING,-24.4,51,0,1,2,1,0.054,228.1,30,normal,0.119,5,0.03,0
1785480170.030914,1785480170.0309536,0.1260039520263672,6e-05,-0.34450424753409303,0.08127998187888888,-0.005283198822127776,-0.3247701750193809,-1.0,0,0,0.0,0.0,0.0,0.0,0.0,0.0,0.0,0.0,0.0,0.0,-1.0,-1.0,2.4956176628958016,-10.674821849693988,-2.1962021541511763,0.0,0.0,0.0,0.0,0.0,0.0,0,0,0.0,RUNNING,-23.2,49,0,1,2,1,0.055,228.8,33,normal,0.095,4,0.01,0
1785480170.0837617,1785480170.0837922,0.13027122497558594,5.25e-05,-0.2457146497835429,0.08127998187888888,0.005283198822127776,-0.3247701750193809,-1.0,0,0,0.0,0.0,0.0,0.0,0.0,0.0,0.0,0.0,0.0,0.0,-1.0,-1.0,2.4933664099866277,-10.678408690354425,-2.2130875151294447,0.0,0.0,0.0,0.0,0.0,0.0,0,0,0.0,RUNNING,-22.8,47,0,1,2,1,0.058,229.2,35,normal,0.071,3,0.02,0
1785480170.129947,1785480170.1299813,0.13462982177734373,3.75e-05,-0.3672530082407187,0.09211731279607407,0.005283198822127776,-0.37473481733005476,-1.0,0,0,0.0,0.0,0.0,0.0,0.0,0.0,0.0,0.0,0.0,0.0,-1.0,-1.0,2.4908642857712104,-10.682186395830696,-2.2314902331186417,0.0,0.0,0.0,0.0,0.0,0.0,0,0,0.0,RUNNING,-19.4,43,0,1,2,1,0.067,229.6,38,normal,0.119,5,0.01,0
1785480170.1836846,1785480170.1837058,0.13880045572916666,2.2499999999999998e-05,-0.2879677317204014,0.10837330917185185,0.0,-0.3497524961747178,-1.0,0,0,0.0,0.0,0.0,0.0,0.0,0.0,0.0,0.0,0.0,0.0,-1.0,-1.0,2.487522381580094,-10.686486227840122,-2.2490654709276696,0.0,0.0,0.0,0.0,0.0,0.0,0,0,0.0,RUNNING,-16.4,41,0,1,2,1,0.058,230.1,38,normal,0.095,4,0.03,0
1785480170.2312737,1785480170.2313335,0.14733840942382812,-2.8125e-05,-0.22975688357747043,0.11921064008903703,-0.010566397644255552,-0.3497524961747178,-1.0,0,0,0.0,0.0,0.0,0.0,0.0,0.0,0.0,0.0,0.0,0.0,-1.0,-1.0,2.4833954750925984,-10.69077064371508,-2.2664503583889215,0.0,0.0,0.0,0.0,0.0,0.0,0,0,0.0,RUNNING,12.5,44,0,1,2,1,0.06,230.0,35,normal,0.119,5,0.01,0
1785480170.2811127,1785480170.2811437,0.15161160786946615,-5.0625e-05,0.17631056372948578,0.12462930554762963,0.005283198822127776,-0.3247701750193809,-1.0,0,0,0.0,0.0,0.0,0.0,0.0,0.0,0.0,0.0,0.0,0.0,-1.0,-1.0,2.4795693388148465,-10.695769477795421,-2.282839843700692,0.0,0.0,0.0,0.0,0.0,0.0,0,0,0.0,RUNNING,9.0,45,0,1,2,1,0.061,229.7,32,normal,0.119,5,0.03,1
1785480170.3275998,1785480170.3276112,0.1560022481282552,-8.999999999999999e-05,-0.007232839040629352,0.12462930554762963,-0.005283198822127783,-0.3247701750193808,-1.0,0,0,0.0,0.0,0.0,0.0,0.0,0.0,0.0,0.0,0.0,0.0,-1.0,-1.0,2.4753431610068617,-10.700266048875838,-2.2989060384903603,0.0,0.0,0.0,0.0,0.0,0.0,0,0,0.0,RUNNING,8.1,49,0,1,2,1,0.054,227.5,26,normal,0.143,6,0.01,0
1785480170.3819878,1785480170.3820202,0.16016408284505207,-0.000110625,0.33944724888707634,0.1408853019234074,0.010566397644255559,-0.24982321155336987,-1.0,0,0,0.0,0.0,0.0,0.0,0.0,0.0,0.0,0.0,0.0,0.0,-1.0,-1.0,2.4709573570285106,-10.705996540786323,-2.3116662761544973,0.0,0.0,0.0,0.0,0.0,0.0,0,0,0.0,RUNNING,15.3,51,0,1,2,1,0.051,226.4,24,normal,0.167,7,0.03,0
1785480170.4274154,1785480170.4274325,0.16867922465006507,-0.00015,0.33353009292642766,0.13004797100622223,0.0,-0.19985856924269588,-1.0,0,0,0.0,0.0,0.0,0.0,0.0,0.0,0.0,0.0,0.0,0.0,-1.0,-1.0,2.4666471860689954,-10.710708726929273,-2.3214804760946226,0.0,0.0,0.0,0.0,0.0,0.0,0,0,0.0,RUNNING,9.9,54,0,1,2,1,0.028,224.0,20,normal,0.119,5,0.01,0
1785480170.4805863,1785480170.4805987,0.17294258117675781,-0.00016874999999999998,0.024389220595951056,0.146303967382,0.005283198822127776,0.07494696346601093,-1.0,0,0,0.0,0.0,0.0,0.0,0.0,0.0,0.0,0.0,0.0,0.0,-1.0,-1.0,2.461795866802436,-10.716300773504136,-2.317690555273036,0.0,0.0,0.0,0.0,0.0,0.0,0,0,0.0,RUNNING,4.4,56,0,1,2,1,0.006,223.0,18,normal,0.119,5,0.02,0
1785480170.5287025,1785480170.528733,0.17732940673828124,-0.0001875,0.245938953083455,0.14630396738200002,0.005283198822127776,0.024982321155336978,-1.0,0,0,0.0,0.0,0.0,0.0,0.0,0.0,0.0,0.0,0.0,0.0,-1.0,-1.0,2.457090817200104,-10.721765924076553,-2.316459952839025,0.0,0.0,0.0,0.0,0.0,0.0,0,0,0.0,RUNNING,6.8,57,0,1,2,1,0.01,221.7,15,normal,0.167,7,0.01,0
1785480170.5749438,1785480170.5749533,0.18167772928873696,-0.000215625,0.056459277544040065,0.1625599637577778,-0.010566397644255559,0.09992928462134794,-1.0,0,0,0.0,0.0,0.0,0.0,0.0,0.0,0.0,0.0,0.0,0.0,-1.0,-1.0,2.4510769665513252,-10.72748436190061,-2.3113693521240366,0.0,0.0,0.0,0.0,0.0,0.0,0,0,0.0,RUNNING,6.3,58,0,1,2,1,0.01,221.6,15,normal,0.167,7,0.02,0
1785480170.6220834,1785480170.6221173,0.18576993306477863,-0.000223125,0.16220110812312888,0.146303967382,0.005283198822127783,0.17487624808735894,-1.0,0,0,0.0,0.0,0.0,0.0,0.0,0.0,0.0,0.0,0.0,0.0,-1.0,-1.0,2.446403108302229,-10.732983202144558,-2.302748774137314,0.0,0.0,0.0,0.0,0.0,0.0,0,0,0.0,RUNNING,6.3,58,0,1,2,1,0.001,221.0,14,normal,0.167,7,0.04,0
1785480170.6741793,1785480170.6742144,0.19429730733235676,-0.00022125,0.12705977943212027,0.1625599637577778,0.0,0.14989392693202191,-1.0,0,0,0.0,0.0,0.0,0.0,0.0,0.0,0.0,0.0,0.0,0.0,-1.0,-1.0,2.440903511512052,-10.739104476770954,-2.295160994561452,0.0,0.0,0.0,0.0,0.0,0.0,0,0,0.0,RUNNING,4.2,58,0,1,2,1,0.011,221.0,14,normal,0.167,7,0.01,0
1785480170.7194629,1785480170.7194722,0.19855405171712237,-0.000225,0.037050553255608604,0.1625599637577778,0.0,0.14989392693202191,-1.0,0,0,0.0,0.0,0.0,0.0,0.0,0.0,0.0,0.0,0.0,0.0,-1.0,-1.0,2.435608266848953,-10.745089022592332,-2.2877927187528253,0.0,0.0,0.0,0.0,0.0,0.0,0,0,0.0,RUNNING,6.3,58,0,1,2,1,0.011,221.6,15,normal,0.167,7,0.03,0
1785480170.770428,1785480170.7704382,0.20296297709147132,-0.00022125,0.12154186113641055,0.17339729467496298,0.010566397644255552,0.14989392693202197,-1.0,0,0,0.0,0.0,0.0,0.0,0.0,0.0,0.0,0.0,0.0,0.0,-1.0,-1.0,2.430129533553462,-10.75220491665145,-2.2800437182156545,0.0,0.0,0.0,0.0,0.0,0.0,0,0,0.0,RUNNING,9.1,57,0,1,2,1,0.033,221.7,16,normal,0.143,6,0.01,0
1785480170.8175852,1785480170.8176038,0.20725362141927084,-0.000215625,0.10251090821189195,0.17881596013355555,-0.015849596466383335,0.07494696346601096,-1.0,0,0,0.0,0.0,0.0,0.0,0.0,0.0,0.0,0.0,0.0,0.0,-1.0,-1.0,2.423904864765038,-10.758278863784431,-2.276412751359625,0.0,0.0,0.0,0.0,0.0,0.0,0,0,0.0,RUNNING,9.1,57,0,1,2,1,0.046,221.6,17,normal,0.143,6,0.03,0
1785480170.8688369,1785480170.8688705,0.21563934326171874,-0.00021,0.11921273850396392,0.18965329105074075,0.005283198822127776,0.074946963466011,-1.0,0,0,0.0,0.0,0.0,0.0,0.0,0.0,0.0,0.0,0.0,0.0,-1.0,-1.0,2.4179089101399014,-10.765727495725491,-2.2726354807610547,0.0,0.0,0.0,0.0,0.0,0.0,0,0,0.0,RUNNING,13.5,57,0,1,2,1,0.049,221.6,18,normal,0.143,6,0.02,0
1785480170.9181242,1785480170.918155,0.21991826375325518,-0.0002025,0.20041399342120106,0.18965329105074075,0.005283198822127776,0.12491160577668498,-1.0,0,0,0.0,0.0,0.0,0.0,0.0,0.0,0.0,0.0,0.0,0.0,-1.0,-1.0,2.412042496257857,-10.77307182420794,-2.26644695784533,0.0,0.0,0.0,0.0,0.0,0.0,0,0,0.0,RUNNING,11.3,57,0,1,2,1,0.052,221.6,18,normal,0.143,6,0.03,0
1785480170.9662557,1785480170.9662664,0.22425847371419272,-0.000200625,0.1355794059736994,0.19507195650933334,0.0,0.09992928462134797,-1.0,0,0,0.0,0.0,0.0,0.0,0.0,0.0,0.0,0.0,0.0,0.0,-1.0,-1.0,2.405754118511633,-10.780603893963091,-2.261420564893447,0.0,0.0,0.0,0.0,0.0,0.0,0,0,0.0,RUNNING,13.5,57,0,1,2,1,0.052,221.3,18,normal,0.143,6,0.01,0
1785480171.01635,1785480171.0163634,0.22843065897623693,-0.000200625,0.21612298062582033,0.20590928742651854,0.0,0.149893926932022,-1.0,0,0,0.0,0.0,0.0,0.0,0.0,0.0,0.0,0.0,0.0,0.0,-1.0,-1.0,2.3992340938642127,-10.788493698287576,-2.2539697239124115,0.0,0.0,0.0,0.0,0.0,0.0,0,0,0.0,RUNNING,11.3,57,0,1,2,1,0.053,221.1,18,normal,0.048,2,0.02,0
1785480171.0664723,1785480171.0665076,0.23267321268717445,-0.000200625,0.16727591816034715,0.20590928742651854,0.0,0.19985856924269593,-1.0,0,0,0.0,0.0,0.0,0.0,0.0,0.0,0.0,0.0,0.0,0.0,-1.0,-1.0,2.3926890626917614,-10.796535033015301,-2.24390615384011,0.0,0.0,0.0,0.0,0.0,0.0,0,0,0.0,RUNNING,11.3,57,0,1,2,1,0.043,220.9,19,normal,0.048,2,0.01,0
1785480171.1177316,1785480171.1177423,0.24,-0.000200625,0.19030665249893494,0.22758394926088887,-0.010566397644255559,0.149893926932022,-1.0,0,0,0.0,0.0,0.0,0.0,0.0,0.0,0.0,0.0,0.0,0.0,-1.0,-1.0,2.385095138087651,-10.80520199072961,-2.2363247880754864,0.0,0.0,0.0,0.0,0.0,0.0,0,0,0.0,RUNNING,15.6,57,0,1,2,1,0.052,221.1,20,normal,0.143,6,0.03,0
1785480171.1665025,1785480171.1665356,0.24,-0.00019125000000000001,0.221541928990565,0.20590928742651854,0.010566397644255552,0.19985856924269593,-1.0,0,0,0.0,0.0,0.0,0.0,0.0,0.0,0.0,0.0,0.0,0.0,-1.0,-1.0,2.3791522653572437,-10.813628307395515,-2.226329751705022,0.0,0.0,0.0,0.0,0.0,0.0,0,0,0.0,RUNNING,6.6,56,0,1,2,1,0.067,221.5,21,normal,0.143,6,0.01,0
1785480171.216523,1785480171.2165604,0.24,-0.000181875,0.1523679747247034,0.22216528380229633,-0.005283198822127776,0.12491160577668498,-1.0,0,0,0.0,0.0,0.0,0.0,0.0,0.0,0.0,0.0,0.0,0.0,-1.0,-1.0,2.372177450804674,-10.822265636225348,-2.2200895314981035,0.0,0.0,0.0,0.0,0.0,0.0,0,0,0.0,RUNNING,2.3,55,0,1,2,1,0.06,222.7,23,normal,0.143,6,0.03,0
1785480171.2695353,1785480171.2695684,0.24,-0.00016874999999999998,0.04452488036108304,0.23300261471948147,-0.005283198822127783,0.22484089039803282,-1.0,0,0,0.0,0.0,0.0,0.0,0.0,0.0,0.0,0.0,0.0,0.0,-1.0,-1.0,2.364878842813414,-10.831441018449082,-2.2087789008384724,0.0,0.0,0.0,0.0,0.0,0.0,0,0,0.0,RUNNING,4.6,55,0,1,2,1,0.06,222.9,24,normal,0.143,6,0.02,0
1785480171.3205142,1785480171.320551,0.24,-0.0001575,0.09055965010166042,0.23300261471948147,-0.005283198822127783,0.22484089039803282,-1.0,0,0,0.0,0.0,0.0,0.0,0.0,0.0,0.0,0.0,0.0,0.0,-1.0,-1.0,2.364878842813414,-10.831441018449082,-2.2087789008384724,0.0,0.0,0.0,0.0,0.0,0.0,0,0,0.0,RUNNING,6.8,55,0,1,2,1,0.055,224.1,25,normal,0.119,5,0.03,0
1785480171.3689601,1785480171.3690019,0.24,-0.00015,0.08306825450905143,0.23300261471948147,-0.005283198822127769,0.17487624808735888,-1.0,0,0,0.0,0.0,0.0,0.0,0.0,0.0,0.0,0.0,0.0,0.0,-1.0,-1.0,2.3505813153448147,-10.849838357063433,-2.191296105062451,0.0,0.0,0.0,0.0,0.0,0.0,0,0,0.0,RUNNING,9.9,54,0,1,2,1,0.062,224.6,25,normal,0.119,5,0.02,0
1785480171.4194574,1785480171.4194922,0.24,-0.000144375,0.10952938370400069,0.23300261471948147,-0.005283198822127776,0.12491160577668498,-1.0,0,0,0.0,0.0,0.0,0.0,0.0,0.0,0.0,0.0,0.0,0.0,-1.0,-1.0,2.3436172636674018,-10.85913016124749,-2.1850726331285464,0.0,0.0,0.0,0.0,0.0,0.0,0,0,0.0,RUNNING,16.9,54,0,1,2,1,0.069,225.0,26,normal,0.095,4,0.01,0
1785480171.4755173,1785480171.4755406,0.24,-0.000121875,0.23581069637643534,0.2275839492608889,0.0,0.04996464231067398,-1.0,0,0,0.0,0.0,0.0,0.0,0.0,0.0,0.0,0.0,0.0,0.0,-1.0,-1.0,2.3370561463992052,-10.868432709656378,-2.1825734410423396,0.0,0.0,0.0,0.0,0.0,0.0,0,0,0.0,RUNNING,17.7,55,0,1,2,1,0.066,224.9,26,normal,0.095,4,0.02,0
1785480171.5234516,1785480171.5234818,0.24,-0.000118125,0.221038242090164,0.22758394926088887,-0.010566397644255552,0.09992928462134797,-1.0,0,0,0.0,0.0,0.0,0.0,0.0,0.0,0.0,0.0,0.0,0.0,-1.0,-1.0,2.330092608004714,-10.877439064247758,-2.177580057431258,0.0,0.0,0.0,0.0,0.0,0.0,0,0,0.0,RUNNING,17.7,55,0,1,2,1,0.069,224.6,26,normal,0.095,4,0.04,0
1785480171.5717652,1785480171.571806,0.24,-0.00012,0.26048681604100704,0.23300261471948147,0.005283198822127776,0.12491160577668495,-1.0,0,0,0.0,0.0,0.0,0.0,0.0,0.0,0.0,0.0,0.0,0.0,-1.0,-1.0,2.323655864809805,-10.887176021045658,-2.1713242598727174,0.0,0.0,0.0,0.0,0.0,0.0,0,0,0.0,RUNNING,17.1,56,0,1,2,1,0.063,224.4,26,normal,0.095,4,0.01,0
1785480171.6210895,1785480171.6211271,0.24,-0.000121875,0.2330245763068708,0.22216528380229628,-0.005283198822127783,0.17487624808735894,-1.0,0,0,0.0,0.0,0.0,0.0,0.0,0.0,0.0,0.0,0.0,0.0,-1.0,-1.0,2.317176532503122,-10.896169765092008,-2.162601511487308,0.0,0.0,0.0,0.0,0.0,0.0,0,0,0.0,RUNNING,21.8,55,0,1,2,1,0.061,225.4,27,normal,0.095,4,0.04,0
1785480171.6755815,1785480171.6756222,0.24,-0.00011624999999999999,0.3063863333816867,0.23300261471948147,0.005283198822127783,0.22484089039803282,-1.0,0,0,0.0,0.0,0.0,0.0,0.0,0.0,0.0,0.0,0.0,0.0,-1.0,-1.0,2.31089065837154,-10.905995306729265,-2.1513487861257494,0.0,0.0,0.0,0.0,0.0,0.0,0,0,0.0,RUNNING,14.0,53,0,1,2,1,0.065,225.5,29,normal,0.119,5,0.01,0
1785480171.724889,1785480171.7249024,0.24,-0.000110625,0.29684470944810737,0.22216528380229628,0.005283198822127769,0.2248408903980329,-1.0,0,0,0.0,0.0,0.0,0.0,0.0,0.0,0.0,0.0,0.0,0.0,-1.0,-1.0,2.305022857221549,-10.915421978451034,-2.140114487824203,0.0,0.0,0.0,0.0,0.0,0.0,0,0,0.0,RUNNING,20.6,53,0,1,2,1,0.065,226.2,29,normal,0.119,5,0.02,0
1785480171.7705593,1785480171.770579,0.24,-0.000103125,0.20532789157982378,0.23300261471948147,0.005283198822127783,0.27480553270870683,-1.0,0,0,0.0,0.0,0.0,0.0,0.0,0.0,0.0,0.0,0.0,0.0,-1.0,-1.0,2.2989602933223763,-10.925385072353576,-2.126362954329731,0.0,0.0,0.0,0.0,0.0,0.0,0,0,0.0,RUNNING,23.2,50,0,1,2,1,0.08,226.9,32,normal,0.119,5,0.01,0
1785480171.8234324,1785480171.823466,0.24,-8.999999999999999e-05,0.3827425996417414,0.22758394926088887,0.0,0.24982321155336984,-1.0,0,0,0.0,0.0,0.0,0.0,0.0,0.0,0.0,0.0,0.0,0.0,-1.0,-1.0,2.292952350234555,-10.93506296173711,-2.113858739489966,0.0,0.0,0.0,0.0,0.0,0.0,0,0,0.0,RUNNING,25.5,49,0,1,2,1,0.085,227.4,33,normal,0.119,5,0.03,0
1785480171.8742368,1785480171.8742514,0.24,-6.1875e-05,0.4030590329106991,0.22216528380229628,-0.005283198822127769,0.2248408903980329,-1.0,0,0,0.0,0.0,0.0,0.0,0.0,0.0,0.0,0.0,0.0,0.0,-1.0,-1.0,2.2869688362010514,-10.944463360101794,-2.102584570153326,0.0,0.0,0.0,0.0,0.0,0.0,0,0,0.0,RUNNING,14.7,45,0,1,2,1,0.101,228.3,35,normal,0.119,5,0.01,0
1785480171.9259832,1785480171.9260175,0.24,-4.8750000000000006e-05,0.24802479021070267,0.2275839492608889,6.7654215563095475e-18,0.29978785386404383,-1.0,0,0,0.0,0.0,0.0,0.0,0.0,0.0,0.0,0.0,0.0,0.0,-1.0,-1.0,2.281236171382851,-10.954207459317585,-2.087692455321036,0.0,0.0,0.0,0.0,0.0,0.0,0,0,0.0,RUNNING,12.5,44,0,1,2,1,0.096,228.9,38,normal,0.095,4,0.03,0
1785480171.9764583,1785480171.9765103,0.24,-2.625e-05,0.2325063365589805,0.23842128017807407,0.0,0.24982321155336984,-1.0,0,0,0.0,0.0,0.0,0.0,0.0,0.0,0.0,0.0,0.0,0.0,-1.0,-1.0,2.275342755884262,-10.96457501863784,-2.075196599066283,0.0,0.0,0.0,0.0,0.0,0.0,0,0,0.0,RUNNING,0.0,40,0,1,2,1,0.093,229.1,40,normal,0.119,5,0.01,0
1785480172.0248344,1785480172.0248492,0.24,0.0,0.024988017652203657,0.23300261471948147,0.005283198822127783,0.27480553270870683,-1.0,0,0,0.0,0.0,0.0,0.0,0.0,0.0,0.0,0.0,0.0,0.0,-1.0,-1.0,2.269947560540859,-10.974894601333416,-2.0614661107291172,0.0,0.0,0.0,0.0,0.0,0.0,0,0,0.0,RUNNING,-7.1,42,0,1,2,1,0.089,228.8,38,normal,0.119,5,0.0,0
1785480172.0730264,1785480172.0730386,0.24,1.5e-05,0.044738137500473375,0.2275839492608889,-0.010566397644255559,0.29978785386404383,-1.0,0,0,0.0,0.0,0.0,0.0,0.0,0.0,0.0,0.0,0.0,0.0,-1.0,-1.0,2.264107983902663,-10.984701646928018,-2.046447087304227,0.0,0.0,0.0,0.0,0.0,0.0,0,0,0.0,RUNNING,-6.7,43,0,1,2,1,0.082,229.3,36,normal,0.119,5,0.02,0
1785480172.1223848,1785480172.1224647,0.24,4.124999999999999e-05,-0.1032576903007186,0.24925861109525926,0.0,0.24982321155336984,-1.0,0,0,0.0,0.0,0.0,0.0,0.0,0.0,0.0,0.0,0.0,0.0,-1.0,-1.0,2.2582563530417503,-10.996061935633511,-2.0336393412595957,0.0,0.0,0.0,0.0,0.0,0.0,0,0,0.0,RUNNING,-6.3,44,0,1,2,1,0.071,228.6,32,normal,0.095,4,0.03,0
1785480172.1700163,1785480172.1700583,0.24,5.8124999999999997e-05,-0.04157216299990213,0.23300261471948147,-0.005283198822127769,0.17487624808735888,-1.0,0,0,0.0,0.0,0.0,0.0,0.0,0.0,0.0,0.0,0.0,0.0,-1.0,-1.0,2.2527330110354225,-11.006529967652382,-2.024758433921035,0.0,0.0,0.0,0.0,0.0,0.0,0,0,0.0,RUNNING,-14.0,48,0,1,2,1,0.06,228.2,31,normal,0.119,5,0.02,0
1785480172.219966,1785480172.2199795,0.24,7.3125e-05,-0.28618960022315143,0.2275839492608889,0.0,0.04996464231067398,-1.0,0,0,0.0,0.0,0.0,0.0,0.0,0.0,0.0,0.0,0.0,0.0,-1.0,-1.0,2.2478235282936962,-11.016591391398883,-2.0223005701886447,0.0,0.0,0.0,0.0,0.0,0.0,0,0,0.0,RUNNING,-5.4,49,0,1,2,1,0.049,227.8,28,normal,0.095,4,0.01,0
1785480172.2723422,1785480172.2723765,0.24,0.0001125,-0.1342038567189987,0.2275839492608889,0.0,0.04996464231067398,-1.0,0,0,0.0,0.0,0.0,0.0,0.0,0.0,0.0,0.0,0.0,0.0,-1.0,-1.0,2.242872119804,-11.026802340873184,-2.019809159895619,0.0,0.0,0.0,0.0,0.0,0.0,0,0,0.0,RUNNING,-12.8,51,0,1,2,1,0.043,227.3,26,normal,0.095,4,0.02,0
1785480172.3183932,1785480172.3184285,0.24,0.000121875,-0.17958556568500522,0.2330026147194815,0.005283198822127776,-0.074946963466011,-1.0,0,0,0.0,0.0,0.0,0.0,0.0,0.0,0.0,0.0,0.0,0.0,-1.0,-1.0,2.238044786665173,-11.037430518908112,-2.0235629321478936,0.0,0.0,0.0,0.0,0.0,0.0,0,0,0.0,RUNNING,-12.8,51,0,1,2,1,0.034,227.2,25,normal,0.119,5,0.01,0
1785480172.3755233,1785480172.3755596,0.24,0.0001275,-0.16913317712755105,0.21674661834370373,0.0,-0.09992928462134797,-1.0,0,0,0.0,0.0,0.0,0.0,0.0,0.0,0.0,0.0,0.0,0.0,-1.0,-1.0,2.233329027445313,-11.047124316383519,-2.02853295788827,0.0,0.0,0.0,0.0,0.0,0.0,0,0,0.0,RUNNING,-7.8,51,0,1,2,1,0.037,226.8,25,normal,0.119,5,0.03,0
1785480172.4291177,1785480172.4291604,0.24,0.000133125,-0.10551494439131638,0.23300261471948147,0.005283198822127776,-0.12491160577668495,-1.0,0,0,0.0,0.0,0.0,0.0,0.0,0.0,0.0,0.0,0.0,0.0,-1.0,-1.0,2.228390137784527,-11.057750908700502,-2.0348134357317025,0.0,0.0,0.0,0.0,0.0,0.0,0,0,0.0,RUNNING,-10.3,51,0,1,2,1,0.041,227.2,25,normal,0.119,5,0.01,0
1785480172.4771326,1785480172.4771512,0.24,0.000129375,-0.13949756313870845,0.21674661834370373,0.010566397644255559,-0.14989392693202197,-1.0,0,0,0.0,0.0,0.0,0.0,0.0,0.0,0.0,0.0,0.0,0.0,-1.0,-1.0,2.224011928923005,-11.067679860547146,-2.0423089575441593,0.0,0.0,0.0,0.0,0.0,0.0,0,0,0.0,RUNNING,-10.3,51,0,1,2,1,0.055,227.0,25,normal,0.095,4,0.03,0
1785480172.5242698,1785480172.5242856,0.24,0.00012375,-0.1369716292511071,0.2330026147194815,-0.005283198822127783,-0.12491160577668495,-1.0,0,0,0.0,0.0,0.0,0.0,0.0,0.0,0.0,0.0,0.0,0.0,-1.0,-1.0,2.2184830308531405,-11.077941869093516,-2.048556427995412,0.0,0.0,0.0,0.0,0.0,0.0,0,0,0.0,RUNNING,-2.7,49,0,1,2,1,0.067,227.4,26,normal,0.095,4,0.01,0
1785480172.5763571,1785480172.5764053,0.24,0.000118125,-0.1852301451263633,0.23300261471948147,0.005283198822127776,-0.12491160577668495,-1.0,0,0,0.0,0.0,0.0,0.0,0.0,0.0,0.0,0.0,0.0,0.0,-1.0,-1.0,2.2133760162516865,-11.088378239556818,-2.054783678630303,0.0,0.0,0.0,0.0,0.0,0.0,0,0,0.0,RUNNING,-2.7,49,0,1,2,1,0.065,227.5,27,normal,0.095,4,0.03,0
1785480172.6274805,1785480172.627512,0.24,0.00010875,-0.0937534173700453,0.23300261471948147,0.005283198822127769,-0.17487624808735888,-1.0,0,0,0.0,0.0,0.0,0.0,0.0,0.0,0.0,0.0,0.0,0.0,-1.0,-1.0,2.208175863340878,-11.09883943166594,-2.0635494462229897,0.0,0.0,0.0,0.0,0.0,0.0,0,0,0.0,RUNNING,-8.1,49,0,1,2,1,0.055,227.9,29,normal,0.119,5,0.01,0
1785480172.684716,1785480172.6847467,0.24,0.000103125,-0.015500519780578457,0.2221652838022963,-0.005283198822127776,-0.12491160577668495,-1.0,0,0,0.0,0.0,0.0,0.0,0.0,0.0,0.0,0.0,0.0,0.0,-1.0,-1.0,2.202706555432689,-11.108469135188896,-2.0697742820667173,0.0,0.0,0.0,0.0,0.0,0.0,0,0,0.0,RUNNING,-11.3,48,0,1,2,1,0.055,228.6,29,normal,0.095,4,0.03,0
1785480172.7302635,1785480172.7302725,0.24,8.999999999999999e-05,-0.18915600121595194,0.2330026147194815,-0.005283198822127783,-0.12491160577668495,-1.0,0,0,0.0,0.0,0.0,0.0,0.0,0.0,0.0,0.0,0.0,0.0,-1.0,-1.0,2.1968815002859134,-11.11860402284446,-2.076039422014077,0.0,0.0,0.0,0.0,0.0,0.0,0,0,0.0,RUNNING,-11.9,47,0,1,2,1,0.049,229.0,31,normal,0.119,5,0.01,0
1785480172.7764387,1785480172.7764482,0.24,8.062500000000001e-05,-0.1821208752072227,0.23300261471948147,0.005283198822127783,-0.07494696346601096,-1.0,0,0,0.0,0.0,0.0,0.0,0.0,0.0,0.0,0.0,0.0,0.0,-1.0,-1.0,2.191497734628264,-11.128880639098197,-2.079770154595471,0.0,0.0,0.0,0.0,0.0,0.0,0,0,0.0,RUNNING,-18.4,46,0,1,2,1,0.049,229.5,31,normal,0.095,4,0.03,0
1785480172.832299,1785480172.8323338,0.24,6.75e-05,-0.2683395564748864,0.2221652838022963,0.005283198822127783,-0.07494696346601096,-1.0,0,0,0.0,0.0,0.0,0.0,0.0,0.0,0.0,0.0,0.0,0.0,-1.0,-1.0,2.186284298630668,-11.138768889278948,-2.083540108871468,0.0,0.0,0.0,0.0,0.0,0.0,0,0,0.0,RUNNING,-18.4,46,0,1,2,1,0.042,229.4,33,normal,0.095,4,0.01,0
1785480172.8826566,1785480172.8826668,0.24,6.1875e-05,-0.2336174927193328,0.24383994563666667,-0.005283198822127769,-0.12491160577668492,-1.0,0,0,0.0,0.0,0.0,0.0,0.0,0.0,0.0,0.0,0.0,0.0,-1.0,-1.0,2.180090113900697,-11.149234648982985,-2.089768561780564,0.0,0.0,0.0,0.0,0.0,0.0,0,0,0.0,RUNNING,-18.4,46,0,1,2,1,0.041,229.5,33,normal,0.071,3,0.03,0
1785480172.933153,1785480172.9331846,0.24,5.4375e-05,-0.2771298764719431,0.22216528380229633,0.005283198822127776,-0.12491160577668495,-1.0,0,0,0.0,0.0,0.0,0.0,0.0,0.0,0.0,0.0,0.0,0.0,-1.0,-1.0,2.1748055871749363,-11.159019335935602,-2.0960192746872797,0.0,0.0,0.0,0.0,0.0,0.0,0,0,0.0,RUNNING,-15.5,44,0,1,2,1,0.04,230.6,35,normal,0.095,4,0.02,0
1785480172.9897516,1785480172.9897873,0.24,3.375e-05,-0.21875676507825537,0.23300261471948147,0.005283198822127783,-0.22484089039803282,-1.0,0,0,0.0,0.0,0.0,0.0,0.0,0.0,0.0,0.0,0.0,0.0,-1.0,-1.0,2.1692094271228033,-11.169201183104988,-2.107227810719604,0.0,0.0,0.0,0.0,0.0,0.0,0,0,0.0,RUNNING,-19.4,43,0,1,2,1,0.049,231.7,35,normal,0.119,5,0.0,0
1785480173.0425258,1785480173.0425835,0.24,1.6875e-05,-0.2898670617533622,0.2275839492608889,0.0,-0.14989392693202191,-1.0,0,0,0.0,0.0,0.0,0.0,0.0,0.0,0.0,0.0,0.0,0.0,-1.0,-1.0,2.1633708612479934,-11.179020678173337,-2.114752118011894,0.0,0.0,0.0,0.0,0.0,0.0,0,0,0.0,RUNNING,-17.4,42,0,1,2,1,0.052,231.7,36,normal,0.119,5,0.03,0
1785480173.094462,1785480173.094493,0.24,7.5e-06,-0.2560434418429013,0.22758394926088887,0.0,-0.24982321155336984,-1.0,0,0,0.0,0.0,0.0,0.0,0.0,0.0,0.0,0.0,0.0,0.0,-1.0,-1.0,2.1512718880921557,-11.198207644875163,-2.141194171356606,0.0,0.0,0.0,0.0,0.0,0.0,0,0,0.0,RUNNING,14.9,40,0,1,2,1,0.051,231.8,39,normal,0.095,4,0.01,0
1785480173.1448293,1785480173.1448393,0.24,-2.0624999999999996e-05,-0.24737411710001583,0.22216528380229628,-0.005283198822127769,-0.2248408903980329,-1.0,0,0,0.0,0.0,0.0,0.0,0.0,0.0,0.0,0.0,0.0,0.0,-1.0,-1.0,2.1450727563787875,-11.20738314805114,-2.152397714347277,0.0,0.0,0.0,0.0,0.0,0.0,0,0,0.0,RUNNING,13.2,41,0,1,2,1,0.067,231.7,36,normal,0.119,5,0.03,0
1785480173.1963415,1785480173.196373,0.24,-5.8124999999999997e-05,0.036280346644562506,0.22216528380229628,-0.005283198822127769,-0.2248408903980329,-1.0,0,0,0.0,0.0,0.0,0.0,0.0,0.0,0.0,0.0,0.0,0.0,-1.0,-1.0,2.138732783704734,-11.216544160246944,-2.163669589407471,0.0,0.0,0.0,0.0,0.0,0.0,0,0,0.0,RUNNING,18.4,44,0,1,2,1,0.071,231.1,32,normal,0.143,6,0.01,0
1785480173.242343,1785480173.2423553,0.24,-8.062500000000001e-05,0.30897319507811805,0.22216528380229628,-0.005283198822127769,-0.2248408903980329,-1.0,0,0,0.0,0.0,0.0,0.0,0.0,0.0,0.0,0.0,0.0,0.0,-1.0,-1.0,2.138732783704734,-11.216544160246944,-2.163669589407471,0.0,0.0,0.0,0.0,0.0,0.0,0,0,0.0,RUNNING,29.1,46,0,1,2,1,0.076,229.7,30,normal,0.119,5,0.02,0
1785480173.2867565,1785480173.2867677,0.24,-9.375e-05,0.1738384659764023,0.2330026147194815,0.005283198822127776,-0.074946963466011,-1.0,0,0,0.0,0.0,0.0,0.0,0.0,0.0,0.0,0.0,0.0,0.0,-1.0,-1.0,2.1324129710413224,-11.226399547790313,-2.167434466251534,0.0,0.0,0.0,0.0,0.0,0.0,0,0,0.0,RUNNING,29.1,46,0,1,2,1,0.076,229.7,30,normal,0.119,5,0.02,0
1785480173.3301415,1785480173.3301544,0.24,-0.00011624999999999999,0.46379156800488724,0.2275839492608889,-0.010566397644255559,0.0,-1.0,0,0,0.0,0.0,0.0,0.0,0.0,0.0,0.0,0.0,0.0,0.0,-1.0,-1.0,2.125603642348202,-11.235487504981474,-2.167434466251534,0.0,0.0,0.0,0.0,0.0,0.0,0,0,0.0,RUNNING,10.8,49,0,1,2,1,0.058,226.7,24,normal,0.167,7,0.01,0
1785480173.380098,1785480173.3801324,0.24,-0.00015,0.14304487468793703,0.23842128017807407,0.0,0.09992928462134801,-1.0,0,0,0.0,0.0,0.0,0.0,0.0,0.0,0.0,0.0,0.0,0.0,-1.0,-1.0,2.118918588650322,-11.24532986087615,-2.1624476774735917,0.0,0.0,0.0,0.0,0.0,0.0,0,0,0.0,RUNNING,5.4,49,0,1,2,1,0.039,225.2,21,normal,0.143,6,0.04,0
1785480173.433696,1785480173.4337082,0.24,-0.000178125,0.038014093650500895,0.23300261471948147,-0.005283198822127783,0.22484089039803282,-1.0,0,0,0.0,0.0,0.0,0.0,0.0,0.0,0.0,0.0,0.0,0.0,-1.0,-1.0,2.112198074184339,-11.254857485395968,-2.151199606992986,0.0,0.0,0.0,0.0,0.0,0.0,0,0,0.0,RUNNING,8.1,50,0,1,2,1,0.025,224.9,21,normal,0.143,6,0.02,0
1785480173.4848223,1785480173.4848359,0.24,-0.00018375,0.1926905039244029,0.23300261471948147,0.015849596466383342,0.2748055327087068,-1.0,0,0,0.0,0.0,0.0,0.0,0.0,0.0,0.0,0.0,0.0,0.0,-1.0,-1.0,2.1064697642723202,-11.26503887917328,-2.1374532480866955,0.0,0.0,0.0,0.0,0.0,0.0,0,0,0.0,RUNNING,5.4,50,0,1,2,1,0.019,224.8,21,normal,0.143,6,0.03,0
1785480173.5367885,1785480173.5368195,0.24,-0.00019125000000000001,0.026369507394448273,0.22758394926088887,0.010566397644255552,0.19985856924269588,-1.0,0,0,0.0,0.0,0.0,0.0,0.0,0.0,0.0,0.0,0.0,0.0,-1.0,-1.0,2.100814161427489,-11.274910603256812,-2.127472975268741,0.0,0.0,0.0,0.0,0.0,0.0,0,0,0.0,RUNNING,0.0,49,0,1,2,1,0.004,226.0,24,normal,0.143,6,0.02,0
1785480173.5849075,1785480173.5849195,0.24,-0.000181875,-0.03623932323852821,0.22216528380229628,-0.005283198822127783,0.17487624808735894,-1.0,0,0,0.0,0.0,0.0,0.0,0.0,0.0,0.0,0.0,0.0,0.0,-1.0,-1.0,2.094705038948877,-11.284225908527558,-2.1187067774804844,0.0,0.0,0.0,0.0,0.0,0.0,0,0,0.0,RUNNING,2.7,49,0,1,2,1,0.028,227.9,25,normal,0.143,6,0.01,0
1785480173.635359,1785480173.6353683,0.24,-0.00017062500000000001,0.05727589033120831,0.21132795288511114,0.005283198822127783,0.17487624808735894,-1.0,0,0,0.0,0.0,0.0,0.0,0.0,0.0,0.0,0.0,0.0,0.0,-1.0,-1.0,2.089446091934706,-11.293349058911897,-2.109995511819277,0.0,0.0,0.0,0.0,0.0,0.0,0,0,0.0,RUNNING,0.0,49,0,1,2,1,0.031,228.0,26,normal,0.143,6,0.02,0
1785480173.6809456,1785480173.6809552,0.24,-0.00016874999999999998,0.00783776655281878,0.23842128017807407,0.0,0.19985856924269582,-1.0,0,0,0.0,0.0,0.0,0.0,0.0,0.0,0.0,0.0,0.0,0.0,-1.0,-1.0,2.0833056718668606,-11.303611457890508,-2.0999706461576353,0.0,0.0,0.0,0.0,0.0,0.0,0,0,0.0,RUNNING,8.5,48,0,1,2,1,0.04,229.0,26,normal,0.143,6,0.03,0
1785480173.7273278,1785480173.727361,0.24,-0.00016125000000000002,0.139454234372792,0.2275839492608889,0.0,0.04996464231067398,-1.0,0,0,0.0,0.0,0.0,0.0,0.0,0.0,0.0,0.0,0.0,0.0,-1.0,-1.0,2.077556328157216,-11.31344261555311,-2.0974702880465714,0.0,0.0,0.0,0.0,0.0,0.0,0,0,0.0,RUNNING,8.1,49,0,1,2,1,0.064,229.9,26,normal,0.143,6,0.01,0
1785480173.7844656,1785480173.7844827,0.24,-0.00016125000000000002,0.034117648058968345,0.22758394926088887,-0.010566397644255552,0.09992928462134797,-1.0,0,0,0.0,0.0,0.0,0.0,0.0,0.0,0.0,0.0,0.0,0.0,-1.0,-1.0,2.071409599998854,-11.322967888865762,-2.0924979887151105,0.0,0.0,0.0,0.0,0.0,0.0,0,0,0.0,RUNNING,13.4,49,0,1,2,1,0.071,230.6,26,normal,0.143,6,0.03,0
1785480173.8315842,1785480173.8315978,0.24,-0.000163125,0.15308673092299557,0.23300261471948147,0.005283198822127776,0.074946963466011,-1.0,0,0,0.0,0.0,0.0,0.0,0.0,0.0,0.0,0.0,0.0,0.0,-1.0,-1.0,2.06582321417533,-11.333217289422151,-2.0887442632297413,0.0,0.0,0.0,0.0,0.0,0.0,0,0,0.0,RUNNING,10.8,49,0,1,2,1,0.072,230.4,23,normal,0.143,6,0.02,0
1785480173.8795033,1785480173.879515,0.24,-0.000174375,0.1550855141816086,0.23300261471948147,-0.005283198822127776,0.074946963466011,-1.0,0,0,0.0,0.0,0.0,0.0,0.0,0.0,0.0,0.0,0.0,0.0,-1.0,-1.0,2.0598191694153956,-11.343219519155365,-2.0849928079628435,0.0,0.0,0.0,0.0,0.0,0.0,0,0,0.0,RUNNING,10.8,49,0,1,2,1,0.077,230.9,21,normal,0.143,6,0.03,0
1785480173.92471,1785480173.9247212,0.24,-0.000178125,0.15462229811800746,0.22758394926088887,0.0,0.09992928462134797,-1.0,0,0,0.0,0.0,0.0,0.0,0.0,0.0,0.0,0.0,0.0,0.0,-1.0,-1.0,2.054228912429763,-11.353115860227073,-2.0800020886663493,0.0,0.0,0.0,0.0,0.0,0.0,0,0,0.0,RUNNING,15.9,50,0,1,2,1,0.063,230.5,18,normal,0.143,6,0.01,0
1785480173.9836905,1785480173.9837234,0.24,-0.00018375,0.1923188415153973,0.22216528380229633,-0.005283198822127776,0.12491160577668498,-1.0,0,0,0.0,0.0,0.0,0.0,0.0,0.0,0.0,0.0,0.0,0.0,-1.0,-1.0,2.048587695286253,-11.362678388824145,-2.0737615192065806,0.0,0.0,0.0,0.0,0.0,0.0,0,0,0.0,RUNNING,15.9,50,0,1,2,1,0.057,230.4,16,normal,0.143,6,0.03,0
1785480174.032937,1785480174.0329673,0.24,-0.00018937499999999998,0.2542425218496577,0.22216528380229633,0.005283198822127776,0.12491160577668498,-1.0,0,0,0.0,0.0,0.0,0.0,0.0,0.0,0.0,0.0,0.0,0.0,-1.0,-1.0,2.043466648515443,-11.372534503035112,-2.067518347463328,0.0,0.0,0.0,0.0,0.0,0.0,0,0,0.0,RUNNING,13.4,50,0,1,2,1,0.065,230.8,15,normal,0.143,6,0.02,0
1785480174.0871496,1785480174.0871892,0.24,-0.0001875,0.17204561106170435,0.22758394926088887,-0.010566397644255545,0.14989392693202186,-1.0,0,0,0.0,0.0,0.0,0.0,0.0,0.0,0.0,0.0,0.0,0.0,-1.0,-1.0,2.0375485244302056,-11.382337997908866,-2.0599842655880622,0.0,0.0,0.0,0.0,0.0,0.0,0,0,0.0,RUNNING,5.4,50,0,1,2,1,0.073,231.3,14,normal,0.167,7,0.01,0
1785480174.1372213,1785480174.1372535,0.24,-0.0001875,0.18291205131765376,0.23842128017807407,0.010566397644255552,0.19985856924269588,-1.0,0,0,0.0,0.0,0.0,0.0,0.0,0.0,0.0,0.0,0.0,0.0,-1.0,-1.0,2.03232604192884,-11.393291676381786,-2.0498220071529945,0.0,0.0,0.0,0.0,0.0,0.0,0,0,0.0,RUNNING,8.1,50,0,1,2,1,0.073,231.5,13,normal,0.167,7,0.02,0
1785480174.1841946,1785480174.1842742,0.24,-0.00018937499999999998,0.15343619828289617,0.22216528380229628,-0.005283198822127769,0.2248408903980329,-1.0,0,0,0.0,0.0,0.0,0.0,0.0,0.0,0.0,0.0,0.0,0.0,-1.0,-1.0,2.0268810870608807,-11.40319256791817,-2.0383898131181977,0.0,0.0,0.0,0.0,0.0,0.0,0,0,0.0,RUNNING,8.1,50,0,1,2,1,0.089,232.6,13,normal,0.167,7,0.03,0
1785480174.2354178,1785480174.2354548,0.24,-0.0001875,0.09061463613647418,0.23842128017807407,0.0,0.19985856924269582,-1.0,0,0,0.0,0.0,0.0,0.0,0.0,0.0,0.0,0.0,0.0,0.0,-1.0,-1.0,2.0215984386440056,-11.413654456871898,-2.0285654605626138,0.0,0.0,0.0,0.0,0.0,0.0,0,0,0.0,RUNNING,10.8,49,0,1,2,1,0.087,232.9,13,normal,0.167,7,0.01,0
1785480174.2851608,1785480174.28518,0.24,-0.0001875,0.21396001253521366,0.21132795288511114,0.005283198822127783,0.12491160577668498,-1.0,0,0,0.0,0.0,0.0,0.0,0.0,0.0,0.0,0.0,0.0,0.0,-1.0,-1.0,2.0171083446912785,-11.423373628667418,-2.0222392081117744,0.0,0.0,0.0,0.0,0.0,0.0,0,0,0.0,RUNNING,10.8,49,0,1,2,1,0.09,233.1,15,normal,0.167,7,0.01,0
1785480174.3415017,1785480174.341596,0.24,-0.0001875,0.1514079211840394,0.23300261471948147,-0.005283198822127776,0.12491160577668498,-1.0,0,0,0.0,0.0,0.0,0.0,0.0,0.0,0.0,0.0,0.0,0.0,-1.0,-1.0,2.0118595563363866,-11.433602163034127,-2.016077498096788,0.0,0.0,0.0,0.0,0.0,0.0,0,0,0.0,RUNNING,15.9,49,0,1,2,1,0.098,232.9,13,normal,0.167,7,0.02,0
1785480174.391812,1785480174.3918242,0.24,-0.00019125000000000001,0.22124613478352917,0.2275839492608889,0.0,0.09992928462134801,-1.0,0,0,0.0,0.0,0.0,0.0,0.0,0.0,0.0,0.0,0.0,0.0,-1.0,-1.0,2.006959721520426,-11.443869008462134,-2.011082377614811,0.0,0.0,0.0,0.0,0.0,0.0,0,0,0.0,RUNNING,18.4,49,0,1,2,1,0.087,232.3,10,normal,0.143,6,0.01,0
1785480174.4365802,1785480174.4365892,0.24,-0.000196875,0.2503651894704082,0.23300261471948147,-0.005283198822127776,0.12491160577668498,-1.0,0,0,0.0,0.0,0.0,0.0,0.0,0.0,0.0,0.0,0.0,0.0,-1.0,-1.0,2.001759126653467,-11.454288191752424,-2.004841162611864,0.0,0.0,0.0,0.0,0.0,0.0,0,0,0.0,RUNNING,18.4,49,0,1,2,1,0.087,232.3,10,normal,0.143,6,0.01,0
1785480174.4791296,1785480174.4791634,0.24,-0.000208125,0.1830679652792245,0.22216528380229628,-0.005283198822127783,0.17487624808735894,-1.0,0,0,0.0,0.0,0.0,0.0,0.0,0.0,0.0,0.0,0.0,0.0,-1.0,-1.0,1.9968224540164035,-11.464307058710707,-1.996051961252181,0.0,0.0,0.0,0.0,0.0,0.0,0,0,0.0,RUNNING,13.4,49,0,1,2,0,,230.8,0,normal,0.143,6,0.03,0
1785480174.5262673,1785480174.5262759,0.24,-0.000211875,0.21546383498225358,0.22216528380229633,-0.005283198822127776,0.12491160577668498,-1.0,0,0,0.0,0.0,0.0,0.0,0.0,0.0,0.0,0.0,0.0,0.0,-1.0,-1.0,1.9920177159164085,-11.474278264206935,-1.9898305287500642,0.0,0.0,0.0,0.0,0.0,0.0,0,0,0.0,RUNNING,8.1,49,1,1,1,0,,230.8,0,normal,0.143,6,0.01,0
1785480174.5789034,1785480174.5789156,0.24,0.0,0.1819669554337981,0.23300261471948147,0.005283198822127769,0.17487624808735888,-1.0,0,0,0.0,0.0,0.0,0.0,0.0,0.0,0.0,0.0,0.0,0.0,-1.0,-1.0,1.9875069156042202,-11.485056413480287,-1.9810635508388643,0.0,0.0,0.0,0.0,0.0,0.0,0,0,0.0,RUNNING,5.4,49,1,1,1,0,,230.8,0,normal,0.143,6,0.03,0
1785480174.6297977,1785480174.6298084,0.24,0.0,0.09636332732838486,0.22758394926088887,0.0,0.24982321155336984,-1.0,0,0,0.0,0.0,0.0,0.0,0.0,0.0,0.0,0.0,0.0,0.0,-1.0,-1.0,1.9829806015961553,-11.495462954424342,-1.9686063214996126,0.0,0.0,0.0,0.0,0.0,0.0,0,0,0.0,RUNNING,2.9,48,1,1,1,0,,230.8,0,normal,0.143,6,0.02,0
1785480174.6812189,1785480174.6812367,0.24,0.0,0.08908105420799269,0.22216528380229628,0.005283198822127769,0.2248408903980329,-1.0,0,0,0.0,0.0,0.0,0.0,0.0,0.0,0.0,0.0,0.0,0.0,-1.0,-1.0,1.978899650324733,-11.505859982856828,-1.9573057416774635,0.0,0.0,0.0,0.0,0.0,0.0,0,0,0.0,RUNNING,0.0,49,1,1,1,0,,230.8,0,normal,0.143,6,0.03,0
1785480174.7281911,1785480174.728211,0.24,0.0,0.0024468437684517707,0.23300261471948147,-0.005283198822127769,0.17487624808735888,-1.0,0,0,0.0,0.0,0.0,0.0,0.0,0.0,0.0,0.0,0.0,0.0,-1.0,-1.0,1.9742791220967189,-11.516514792079086,-1.9485916339274723,0.0,0.0,0.0,0.0,0.0,0.0,0,0,0.0,RUNNING,-2.9,48,1,1,1,0,,230.8,0,normal,0.143,6,0.01,0
1785480174.7761152,1785480174.7761576,0.24,0.0,-0.012109540548323403,0.22758394926088887,0.0,0.14989392693202191,-1.0,0,0,0.0,0.0,0.0,0.0,0.0,0.0,0.0,0.0,0.0,0.0,-1.0,-1.0,1.970077230869556,-11.527102673188443,-1.9410890416184823,0.0,0.0,0.0,0.0,0.0,0.0,0,0,0.0,RUNNING,-2.7,49,1,1,1,0,,230.8,0,normal,0.143,6,0.02,0
1785480174.8223584,1785480174.8223693,0.24,0.0,-0.036327690125572694,0.2275839492608889,0.0,0.04996464231067398,-1.0,0,0,0.0,0.0,0.0,0.0,0.0,0.0,0.0,0.0,0.0,0.0,-1.0,-1.0,1.9659843129415464,-11.53764599738737,-1.938606025035613,0.0,0.0,0.0,0.0,0.0,0.0,0,0,0.0,RUNNING,-5.4,49,1,1,1,0,,230.8,0,normal,0.143,6,0.0,0
1785480174.8725033,1785480174.8725185,0.24,0.0,-0.08398179416394427,0.23842128017807407,0.010566397644255559,0.04996464231067398,-1.0,0,0,0.0,0.0,0.0,0.0,0.0,0.0,0.0,0.0,0.0,0.0,-1.0,-1.0,1.9621600765972127,-11.549051377053532,-1.9360875528430548,0.0,0.0,0.0,0.0,0.0,0.0,0,0,0.0,RUNNING,-8.1,49,1,1,1,0,,230.8,0,normal,0.143,6,0.02,0
1785480174.9176042,1785480174.917619,0.24,0.0,-0.09931244195900385,0.2330026147194815,-0.005283198822127776,-0.02498232115533701,-1.0,0,0,0.0,0.0,0.0,0.0,0.0,0.0,0.0,0.0,0.0,0.0,-1.0,-1.0,1.9577770031906867,-11.559776479409072,-1.9373294910302719,0.0,0.0,0.0,0.0,0.0,0.0,0,0,0.0,RUNNING,-2.7,50,1,1,1,0,,230.8,0,normal,0.119,5,0.03,0
1785480174.9665196,1785480174.966557,0.24,0.0,-0.03410778065311043,0.23300261471948147,0.005283198822127776,0.074946963466011,-1.0,0,0,0.0,0.0,0.0,0.0,0.0,0.0,0.0,0.0,0.0,0.0,-1.0,-1.0,1.9538416495762045,-11.570766361094662,-1.9335756747841304,0.0,0.0,0.0,0.0,0.0,0.0,0,0,0.0,RUNNING,-7.4,52,1,1,1,0,,230.8,0,normal,0.143,6,0.02,0
1785480175.016289,1785480175.0163038,0.24,0.0,-0.05938566191477727,0.2330026147194815,-0.005283198822127776,-0.02498232115533701,-1.0,0,0,0.0,0.0,0.0,0.0,0.0,0.0,0.0,0.0,0.0,0.0,-1.0,-1.0,1.9494729815608072,-11.58153336648428,-1.9348211905896309,0.0,0.0,0.0,0.0,0.0,0.0,0,0,0.0,RUNNING,-7.1,53,1,1,1,0,,230.8,0,normal,0.143,6,0.03,0
1785480175.0666933,1785480175.0667381,0.24,0.0,-0.0894514651827471,0.23300261471948147,0.005283198822127776,-0.12491160577668495,-1.0,0,0,0.0,0.0,0.0,0.0,0.0,0.0,0.0,0.0,0.0,0.0,-1.0,-1.0,1.9455581291079402,-11.592553005501408,-1.9410888814818041,0.0,0.0,0.0,0.0,0.0,0.0,0,0,0.0,RUNNING,-9.1,55,1,1,1,0,,230.8,0,normal,0.167,7,0.02,0
1785480175.116319,1785480175.1163356,0.24,0.0,-0.13394664800324227,0.2275839492608889,0.0,-0.04996464231067402,-1.0,0,0,0.0,0.0,0.0,0.0,0.0,0.0,0.0,0.0,0.0,0.0,-1.0,-1.0,1.9413646801256068,-11.60335530202845,-1.943632887455275,0.0,0.0,0.0,0.0,0.0,0.0,0,0,0.0,RUNNING,-2.3,57,1,1,1,0,,230.8,0,normal,0.167,7,0.03,0
1785480175.1694312,1785480175.1694648,0.24,0.0,-0.018034403186308508,0.2330026147194815,0.005283198822127776,-0.074946963466011,-1.0,0,0,0.0,0.0,0.0,0.0,0.0,0.0,0.0,0.0,0.0,0.0,-1.0,-1.0,1.9373766181920355,-11.614275017423443,-1.9473712493377622,0.0,0.0,0.0,0.0,0.0,0.0,0,0,0.0,RUNNING,-6.1,60,1,1,1,0,,230.8,0,normal,0.19,8,0.02,0
1785480175.2182043,1785480175.2182193,0.24,0.0,-0.16029486816781144,0.23300261471948147,-0.005283198822127776,-0.074946963466011,-1.0,0,0,0.0,0.0,0.0,0.0,0.0,0.0,0.0,0.0,0.0,0.0,-1.0,-1.0,1.932843662133057,-11.625019061540645,-1.9511211747122954,0.0,0.0,0.0,0.0,0.0,0.0,0,0,0.0,RUNNING,-11.7,61,1,1,1,0,,230.8,0,normal,0.167,7,0.03,0
1785480175.2664359,1785480175.2664568,0.24,0.0,-0.20865737683014549,0.2221652838022963,-0.005283198822127776,-0.074946963466011,-1.0,0,0,0.0,0.0,0.0,0.0,0.0,0.0,0.0,0.0,0.0,0.0,-1.0,-1.0,1.9284734218130466,-11.63523860576532,-1.9548696574327284,0.0,0.0,0.0,0.0,0.0,0.0,0,0,0.0,RUNNING,-17.9,63,1,1,1,0,,230.8,0,normal,0.19,8,0.02,0
1785480175.316632,1785480175.3166687,0.24,0.0,-0.2008729673657499,0.23300261471948147,0.005283198822127776,-0.12491160577668495,-1.0,0,0,0.0,0.0,0.0,0.0,0.0,0.0,0.0,0.0,0.0,0.0,-1.0,-1.0,1.9243542351038936,-11.646135773969496,-1.9611134126380905,0.0,0.0,0.0,0.0,0.0,0.0,0,0,0.0,RUNNING,-19.4,65,1,1,1,0,,230.8,0,normal,0.214,9,0.03,0
1785480175.3664405,1785480175.3664703,0.24,0.0,-0.2825520631057741,0.2330026147194815,0.005283198822127776,-0.074946963466011,-1.0,0,0,0.0,0.0,0.0,0.0,0.0,0.0,0.0,0.0,0.0,0.0,-1.0,-1.0,1.920172269466628,-11.656993562784377,-1.9648550315657154,0.0,0.0,0.0,0.0,0.0,0.0,0,0,0.0,RUNNING,-19.4,69,1,1,1,0,,230.8,0,normal,0.214,9,0.01,0
1785480175.4187174,1785480175.418753,0.24,0.0,-0.24507070342248966,0.2275839492608889,0.0,-0.14989392693202191,-1.0,0,0,0.0,0.0,0.0,0.0,0.0,0.0,0.0,0.0,0.0,0.0,-1.0,-1.0,1.9157973702962976,-11.667515019611445,-1.972359984853949,0.0,0.0,0.0,0.0,0.0,0.0,0,0,0.0,RUNNING,-23.0,72,1,1,1,0,,230.8,0,normal,0.214,9,0.01,0
1785480175.46829,1785480175.4682999,0.24,0.0,-0.31601278827027474,0.2275839492608889,0.0,-0.14989392693202191,-1.0,0,0,0.0,0.0,0.0,0.0,0.0,0.0,0.0,0.0,0.0,0.0,-1.0,-1.0,1.9157973702962976,-11.667515019611445,-1.972359984853949,0.0,0.0,0.0,0.0,0.0,0.0,0,0,0.0,RUNNING,-21.3,74,1,1,1,0,,230.8,0,normal,0.214,9,0.02,0
1785480175.516333,1785480175.5163505,0.24,0.0,-0.29869569291031955,0.22758394926088887,0.0,-0.24982321155336984,-1.0,0,0,0.0,0.0,0.0,0.0,0.0,0.0,0.0,0.0,0.0,0.0,-1.0,-1.0,1.906877503410017,-11.688520853102567,-1.9974112939396864,0.0,0.0,0.0,0.0,0.0,0.0,0,0,0.0,RUNNING,-20.7,78,1,1,1,0,,230.8,0,normal,0.238,10,0.0,0
1785480175.5667052,1785480175.5667386,0.24,0.0,-0.3262044847048032,0.22758394926088887,0.010566397644255552,-0.19985856924269588,-1.0,0,0,0.0,0.0,0.0,0.0,0.0,0.0,0.0,0.0,0.0,0.0,-1.0,-1.0,1.9026798452954272,-11.699023728691833,-2.0073333345658972,0.0,0.0,0.0,0.0,0.0,0.0,0,0,0.0,RUNNING,-26.6,79,1,1,1,0,,230.8,0,normal,0.262,11,0.02,0
1785480175.616695,1785480175.616726,0.24,0.0,-0.2887715365275648,0.23300261471948147,-0.005283198822127783,-0.27480553270870683,-1.0,0,0,0.0,0.0,0.0,0.0,0.0,0.0,0.0,0.0,0.0,0.0,-1.0,-1.0,1.8974721732123443,-11.709555721552956,-2.0211868445462797,0.0,0.0,0.0,0.0,0.0,0.0,0,0,0.0,RUNNING,-23.7,82,1,1,1,0,,230.8,0,normal,0.262,11,0.03,0
1785480175.6711702,1785480175.671203,0.24,0.0,-0.30626158323795144,0.21674661834370368,0.010566397644255552,-0.34975249617471776,-1.0,0,0,0.0,0.0,0.0,0.0,0.0,0.0,0.0,0.0,0.0,0.0,-1.0,-1.0,1.8932504495621885,-11.719494477520657,-2.038590709577974,0.0,0.0,0.0,0.0,0.0,0.0,0,0,0.0,RUNNING,-24.1,87,1,1,1,0,,230.8,0,normal,0.286,12,0.02,0
1785480175.720909,1785480175.7209213,0.24,0.0,-0.4061408896117556,0.24925861109525926,0.0,-0.24982321155336984,-1.0,0,0,0.0,0.0,0.0,0.0,0.0,0.0,0.0,0.0,0.0,0.0,-1.0,-1.0,1.8876476976661707,-11.730584769444066,-2.0510440464217665,0.0,0.0,0.0,0.0,0.0,0.0,0,0,0.0,RUNNING,-26.2,89,1,1,1,0,,230.8,0,normal,0.286,12,0.02,0
1785480175.7662168,1785480175.7662253,0.24,0.0,-0.3433647287957448,0.22216528380229628,-0.005283198822127783,-0.3247701750193808,-1.0,0,0,0.0,0.0,0.0,0.0,0.0,0.0,0.0,0.0,0.0,0.0,-1.0,-1.0,1.8822580960902646,-11.740356708110912,-2.06735311474096,0.0,0.0,0.0,0.0,0.0,0.0,0,0,0.0,RUNNING,-35.9,84,1,1,1,0,,230.8,0,normal,0.31,13,0.01,0
1785480175.8195863,1785480175.8195994,0.24,0.0,-0.46501112715227955,0.23300261471948147,-0.005283198822127769,-0.3247701750193809,-1.0,0,0,0.0,0.0,0.0,0.0,0.0,0.0,0.0,0.0,0.0,0.0,-1.0,-1.0,1.8764941926560277,-11.750441637844435,-2.0835397060565204,0.0,0.0,0.0,0.0,0.0,0.0,0,0,0.0,RUNNING,-40.4,77,1,1,1,0,,230.8,0,normal,0.333,14,0.02,0
1785480175.866235,1785480175.8662431,0.24,0.0,-0.9583339763708312,0.23842128017807407,0.0,-0.3997171384853918,-1.0,0,0,0.0,0.0,0.0,0.0,0.0,0.0,0.0,0.0,0.0,0.0,-1.0,-1.0,1.870638500642655,-11.760843140025273,-2.1035514658505154,0.0,0.0,0.0,0.0,0.0,0.0,0,0,0.0,RUNNING,-41.2,65,1,1,1,0,,230.8,0,normal,0.333,14,0.01,0
1785480175.9180293,1785480175.9180663,0.24,0.0,-1.082098337155247,0.22216528380229628,-0.005283198822127769,-0.37473481733005476,-1.0,0,0,0.0,0.0,0.0,0.0,0.0,0.0,0.0,0.0,0.0,0.0,-1.0,-1.0,1.8647767627297596,-11.770265222159543,-2.122263323575678,0.0,0.0,0.0,0.0,0.0,0.0,0,0,0.0,RUNNING,-38.0,57,1,1,1,0,,230.8,0,normal,0.333,14,0.03,0
1785480175.968983,1785480175.9690123,0.24,0.0,-0.9727468927034707,0.18423462559214818,0.0,-0.8493989192814577,-1.0,0,0,0.0,0.0,0.0,0.0,0.0,0.0,0.0,0.0,0.0,0.0,-1.0,-1.0,1.8599915158507963,-11.778044524292744,-2.164371406063961,0.0,0.0,0.0,0.0,0.0,0.0,0,0,0.0,RUNNING,-27.9,20,1,1,1,0,,230.8,0,normal,0.333,14,0.02,0
1785480176.019805,1785480176.0198386,0.24,0.0,-0.9372693535428724,0.18423462559214818,0.0,-0.8493989192814577,-1.0,0,0,0.0,0.0,0.0,0.0,0.0,0.0,0.0,0.0,0.0,0.0,-1.0,-1.0,1.8599915158507963,-11.778044524292744,-2.164371406063961,0.0,0.0,0.0,0.0,0.0,0.0,0,0,0.0,RUNNING,-27.9,2,1,0,1,0,,230.8,0,normal,0.333,14,0.03,0
1785480176.069102,1785480176.0691395,0.08,0.0,-0.35,0.2167466183437037,0.0,-0.9992928462134795,-1.0,0,0,0.0,0.0,0.0,0.0,0.0,0.0,0.0,0.0,0.0,0.0,-1.0,-1.0,1.8478086893149779,-11.79609995316793,-2.264791781163067,0.0,0.0,0.0,0.0,0.0,0.0,0,0,0.0,RUNNING,-70.4,58,1,1,1,0,,230.8,0,normal,0.357,15,0.01,0
1785480176.121079,1785480176.1211097,0.24,0.0,-2.759384569562029,0.2330026147194815,0.005283198822127783,-0.9743105250581424,-1.0,0,0,0.0,0.0,0.0,0.0,0.0,0.0,0.0,0.0,0.0,0.0,-1.0,-1.0,1.8403819075732182,-11.80544872013709,-2.3147053410724165,0.0,0.0,0.0,0.0,0.0,0.0,0,0,0.0,RUNNING,-69.3,65,1,1,1,0,,230.8,0,normal,0.333,14,0.02,0
1785480176.1693213,1785480176.169362,0.24,0.0,-1.9730078606815709,0.18423462559214815,-0.010566397644255552,-0.9493282039028056,-1.0,0,0,0.0,0.0,0.0,0.0,0.0,0.0,0.0,0.0,0.0,0.0,-1.0,-1.0,1.8338559688686797,-11.81177161709208,-2.361450325437581,0.0,0.0,0.0,0.0,0.0,0.0,0,0,0.0,RUNNING,-68.5,78,1,1,1,0,,230.8,0,normal,0.381,16,0.01,0
1785480176.224795,1785480176.2248127,0.24,0.0,-2.3269199170246693,0.25467727655385186,0.005283198822127783,-1.2241337366115124,-1.0,0,0,0.0,0.0,0.0,0.0,0.0,0.0,0.0,0.0,0.0,0.0,-1.0,-1.0,1.8248672134491297,-11.821043171919964,-2.423507282096135,0.0,0.0,0.0,0.0,0.0,0.0,0,0,0.0,RUNNING,-67.7,84,1,1,1,0,,230.8,0,normal,0.381,16,0.02,0
1785480176.2755184,1785480176.275549,0.24,0.0,-2.6391975878256995,0.26551460747103706,0.00528319882212781,-1.523921590475556,-1.0,0,0,0.0,0.0,0.0,0.0,0.0,0.0,0.0,0.0,0.0,0.0,-1.0,-1.0,1.8150955984968677,-11.829929415008603,-2.499299296858042,0.0,0.0,0.0,0.0,0.0,0.0,0,0,0.0,RUNNING,-66.1,90,1,1,1,0,,230.8,0,normal,0.333,14,0.01,0
1785480176.3263233,1785480176.3263416,0.24,0.0,-2.411103347941948,0.2709332729296296,0.02113279528851113,-1.898656407805611,-1.0,0,0,0.0,0.0,0.0,0.0,0.0,0.0,0.0,0.0,0.0,0.0,-1.0,-1.0,1.804769234342817,-11.838988817922232,-2.5952748080837664,0.0,0.0,0.0,0.0,0.0,0.0,0,0,0.0,RUNNING,-64.6,79,1,1,1,0,,230.8,0,normal,0.19,8,0.03,0
1785480176.3727942,1785480176.3728058,0.24,0.0,-2.522376213123103,0.28718926930540745,-0.005283198822127755,-2.1734619405143176,-1.0,0,0,0.0,0.0,0.0,0.0,0.0,0.0,0.0,0.0,0.0,0.0,-1.0,-1.0,1.7924744627274811,-11.846158284054725,-2.7029684453532994,0.0,0.0,0.0,0.0,0.0,0.0,0,0,0.0,RUNNING,-58.5,23,1,1,1,0,,230.8,0,normal,0.095,4,0.02,0
1785480176.419521,1785480176.4195402,0.24,0.0,-2.043274872423108,0.27093327292962965,0.010566397644255566,-2.298373546291003,-1.0,0,0,0.0,0.0,0.0,0.0,0.0,0.0,0.0,0.0,0.0,0.0,-1.0,-1.0,1.7804101096213027,-11.852402428947665,-2.8181203432283386,0.0,0.0,0.0,0.0,0.0,0.0,0,0,0.0,RUNNING,-58.5,0,0,0,0,0,,230.8,0,normal,0.0,0,0.01,0
1785480176.468309,1785480176.468328,0.08,0.0,-0.35,0.25467727655385186,0.005283198822127783,-2.32335586744634,-1.0,0,0,0.0,0.0,0.0,0.0,0.0,0.0,0.0,0.0,0.0,0.0,-1.0,-1.0,1.768454149264792,-11.856688464977177,-2.9339632942766927,0.0,0.0,0.0,0.0,0.0,0.0,0,0,0.0,RUNNING,-58.5,0,0,0,0,0,,230.8,0,normal,0.0,0,0.02,0
1785480176.516265,1785480176.5162778,0.08,0.0,-0.35,0.23842128017807412,0.010566397644255538,-2.298373546291003,-1.0,0,0,0.0,0.0,0.0,0.0,0.0,0.0,0.0,0.0,0.0,0.0,-1.0,-1.0,1.7567767274576096,-11.859694076577258,-3.0500882522616517,0.0,0.0,0.0,0.0,0.0,0.0,0,0,0.0,RUNNING,81.6,15,1,1,1,0,,230.8,0,normal,0.31,13,0.0,0
1785480176.566537,1785480176.5665524,0.24,0.0,2.8942488368026864,0.3467945893499259,0.0,-1.598868553941567,-1.0,0,0,0.0,0.0,0.0,0.0,0.0,0.0,0.0,0.0,0.0,0.0,-1.0,-1.0,1.7396983925234715,-11.861261195692965,-3.12915733549227,0.0,0.0,0.0,0.0,0.0,0.0,0,0,0.0,STOPPED,79.0,20,1,1,1,0,,230.8,0,normal,0.333,14,0.02,1
1785480176.6165092,1785480176.6165462,0.0,0.0,0.0,-0.2330026147194815,-0.005283198822127755,1.3740276635435344,-1.0,0,0,0.0,0.0,0.0,0.0,0.0,0.0,0.0,0.0,0.0,0.0,-1.0,-1.0,1.7511168700024378,-11.860860175556674,-3.0617978222351994,0.0,0.0,0.0,0.0,0.0,0.0,0,0,0.0,STOPPED,69.1,25,1,1,1,0,,230.8,0,normal,0.19,8,0.0,0
1785480176.6663566,1785480176.6663704,0.0,0.0,0.0,0.0,0.0,0.0,-1.0,0,0,0.0,0.0,0.0,0.0,0.0,0.0,0.0,0.0,0.0,0.0,-1.0,-1.0,1.7511168700024378,-11.860860175556674,-3.0617978222351994,0.0,0.0,0.0,0.0,0.0,0.0,0,0,0.0,STOPPED,64.7,29,1,1,1,0,,230.8,0,normal,0.143,6,0.02,0
1785480176.7162628,1785480176.7162745,0.0,0.0,0.0,0.0,0.0,0.0,-1.0,0,0,0.0,0.0,0.0,0.0,0.0,0.0,0.0,0.0,0.0,0.0,-1.0,-1.0,1.7511168700024378,-11.860860175556674,-3.0617978222351994,0.0,0.0,0.0,0.0,0.0,0.0,0,0,0.0,STOPPED,32.5,30,1,1,2,0,,230.8,0,normal,0.19,8,0.03,0
1785480176.766742,1785480176.7667696,0.0,0.0,0.0,0.0,0.0,0.0,-1.0,0,0,0.0,0.0,0.0,0.0,0.0,0.0,0.0,0.0,0.0,0.0,-1.0,-1.0,1.7511168700024378,-11.860860175556674,-3.0617978222351994,0.0,0.0,0.0,0.0,0.0,0.0,0,0,0.0,STOPPED,-53.1,18,1,1,3,0,,230.8,0,normal,0.167,7,0.02,0
1785480176.8163056,1785480176.816319,0.0,0.0,0.0,0.0,0.0,0.0,-1.0,0,0,0.0,0.0,0.0,0.0,0.0,0.0,0.0,0.0,0.0,0.0,-1.0,-1.0,1.7511168700024378,-11.860860175556674,-3.0617978222351994,0.0,0.0,0.0,0.0,0.0,0.0,0,0,0.0,STOPPED,38.7,19,1,1,1,0,,230.8,0,normal,0.167,7,0.03,0
1785480176.867211,1785480176.8673513,0.0,0.0,0.0,0.0,0.0,0.0,-1.0,0,0,0.0,0.0,0.0,0.0,0.0,0.0,0.0,0.0,0.0,0.0,-1.0,-1.0,1.7511168700024378,-11.860860175556674,-3.0617978222351994,0.0,0.0,0.0,0.0,0.0,0.0,0,0,0.0,STOPPED,39.8,20,1,1,1,0,,230.8,0,normal,0.167,7,0.02,0
1785480176.917238,1785480176.917269,0.0,0.0,0.0,0.0,0.0,0.0,-1.0,0,0,0.0,0.0,0.0,0.0,0.0,0.0,0.0,0.0,0.0,0.0,-1.0,-1.0,1.7511168700024378,-11.860860175556674,-3.0617978222351994,0.0,0.0,0.0,0.0,0.0,0.0,0,0,0.0,STOPPED,33.7,20,1,1,1,0,,230.8,0,normal,0.19,8,0.0,0
1785480176.9664452,1785480176.9664574,0.0,0.0,0.0,0.0,0.0,0.0,-1.0,0,0,0.0,0.0,0.0,0.0,0.0,0.0,0.0,0.0,0.0,0.0,-1.0,-1.0,1.7511168700024378,-11.860860175556674,-3.0617978222351994,0.0,0.0,0.0,0.0,0.0,0.0,0,0,0.0,STOPPED,39.8,20,1,1,1,0,,230.8,0,normal,0.167,7,0.02,0
1785480177.0162969,1785480177.016309,0.0,0.0,0.0,0.0,0.0,0.0,-1.0,0,0,0.0,0.0,0.0,0.0,0.0,0.0,0.0,0.0,0.0,0.0,-1.0,-1.0,1.7511168700024378,-11.860860175556674,-3.0617978222351994,0.0,0.0,0.0,0.0,0.0,0.0,0,0,0.0,STOPPED,39.8,20,1,1,1,0,,230.8,0,normal,0.167,7,0.04,0
1785480177.0670524,1785480177.0671184,0.0,0.0,0.0,0.0,0.0,0.0,-1.0,0,0,0.0,0.0,0.0,0.0,0.0,0.0,0.0,0.0,0.0,0.0,-1.0,-1.0,1.7511168700024378,-11.860860175556674,-3.0617978222351994,0.0,0.0,0.0,0.0,0.0,0.0,0,0,0.0,STOPPED,39.8,20,1,1,1,0,,230.8,0,normal,0.167,7,0.02,0
1785480177.116451,1785480177.116483,0.0,0.0,0.0,0.0,0.0,0.0,-1.0,0,0,0.0,0.0,0.0,0.0,0.0,0.0,0.0,0.0,0.0,0.0,-1.0,-1.0,1.7511168700024378,-11.860860175556674,-3.0617978222351994,0.0,0.0,0.0,0.0,0.0,0.0,0,0,0.0,STOPPED,45.0,20,1,1,1,0,,230.8,0,normal,0.167,7,0.01,0
1785480177.1688528,1785480177.168886,0.0,0.0,0.0,0.0,0.0,0.0,-1.0,0,0,0.0,0.0,0.0,0.0,0.0,0.0,0.0,0.0,0.0,0.0,-1.0,-1.0,1.7511168700024378,-11.860860175556674,-3.0617978222351994,0.0,0.0,0.0,0.0,0.0,0.0,0,0,0.0,STOPPED,49.4,20,1,1,1,0,,230.8,0,normal,0.167,7,0.02,0
1785480177.2200117,1785480177.2200644,0.0,0.0,0.0,0.0,0.0,0.0,-1.0,0,0,0.0,0.0,0.0,0.0,0.0,0.0,0.0,0.0,0.0,0.0,-1.0,-1.0,1.7511168700024378,-11.860860175556674,-3.0617978222351994,0.0,0.0,0.0,0.0,0.0,0.0,0,0,0.0,STOPPED,49.4,20,1,1,1,0,,230.8,0,normal,0.167,7,0.01,0
1785480177.2707515,1785480177.2707975,0.0,0.0,0.0,0.0,0.0,0.0,-1.0,0,0,0.0,0.0,0.0,0.0,0.0,0.0,0.0,0.0,0.0,0.0,-1.0,-1.0,1.7511168700024378,-11.860860175556674,-3.0617978222351994,0.0,0.0,0.0,0.0,0.0,0.0,0,0,0.0,STOPPED,45.0,20,1,1,1,0,,230.8,0,normal,0.167,7,0.02,0
1785480177.3187695,1785480177.3188083,0.0,0.0,0.0,0.0,0.0,0.0,-1.0,0,0,0.0,0.0,0.0,0.0,0.0,0.0,0.0,0.0,0.0,0.0,-1.0,-1.0,1.7511168700024378,-11.860860175556674,-3.0617978222351994,0.0,0.0,0.0,0.0,0.0,0.0,0,0,0.0,STOPPED,45.0,20,1,1,1,0,,230.8,0,normal,0.167,7,0.01,0
1785480177.3737102,1785480177.373746,0.0,0.0,0.0,0.0,0.0,0.0,-1.0,0,0,0.0,0.0,0.0,0.0,0.0,0.0,0.0,0.0,0.0,0.0,-1.0,-1.0,1.7511168700024378,-11.860860175556674,-3.0617978222351994,0.0,0.0,0.0,0.0,0.0,0.0,0,0,0.0,STOPPED,39.8,20,1,1,1,0,,230.8,0,normal,0.167,7,0.03,0
1785480177.4231384,1785480177.4231713,0.0,0.0,0.0,0.0,0.0,0.0,-1.0,0,0,0.0,0.0,0.0,0.0,0.0,0.0,0.0,0.0,0.0,0.0,-1.0,-1.0,1.7511168700024378,-11.860860175556674,-3.0617978222351994,0.0,0.0,0.0,0.0,0.0,0.0,0,0,0.0,STOPPED,45.0,20,1,1,1,0,,230.8,0,normal,0.167,7,0.01,0
1785480177.47002,1785480177.4700296,0.0,0.0,0.0,0.0,0.0,0.0,-1.0,0,0,0.0,0.0,0.0,0.0,0.0,0.0,0.0,0.0,0.0,0.0,-1.0,-1.0,1.7511168700024378,-11.860860175556674,-3.0617978222351994,0.0,0.0,0.0,0.0,0.0,0.0,0,0,0.0,STOPPED,39.8,20,1,1,1,0,,230.8,0,normal,0.167,7,0.02,0
1785480177.5202513,1785480177.5203063,0.0,0.0,0.0,0.0,0.0,0.0,-1.0,0,0,0.0,0.0,0.0,0.0,0.0,0.0,0.0,0.0,0.0,0.0,-1.0,-1.0,1.7511168700024378,-11.860860175556674,-3.0617978222351994,0.0,0.0,0.0,0.0,0.0,0.0,0,0,0.0,STOPPED,45.0,20,1,1,1,0,,230.8,0,normal,0.167,7,0.01,0
1785480177.5787256,1785480177.5787745,0.0,0.0,0.0,0.0,0.0,0.0,-1.0,0,0,0.0,0.0,0.0,0.0,0.0,0.0,0.0,0.0,0.0,0.0,-1.0,-1.0,1.7511168700024378,-11.860860175556674,-3.0617978222351994,0.0,0.0,0.0,0.0,0.0,0.0,0,0,0.0,STOPPED,49.4,20,1,1,1,0,,230.8,0,normal,0.167,7,0.03,0
1785480177.6260815,1785480177.626094,0.0,0.0,0.0,0.0,0.0,0.0,-1.0,0,0,0.0,0.0,0.0,0.0,0.0,0.0,0.0,0.0,0.0,0.0,-1.0,-1.0,1.7511168700024378,-11.860860175556674,-3.0617978222351994,0.0,0.0,0.0,0.0,0.0,0.0,0,0,0.0,STOPPED,45.0,20,1,1,1,0,,230.8,0,normal,0.167,7,0.01,0
1785480177.6750004,1785480177.6750336,0.0,0.0,0.0,0.0,0.0,0.0,-1.0,0,0,0.0,0.0,0.0,0.0,0.0,0.0,0.0,0.0,0.0,0.0,-1.0,-1.0,1.7511168700024378,-11.860860175556674,-3.0617978222351994,0.0,0.0,0.0,0.0,0.0,0.0,0,0,0.0,STOPPED,39.8,20,1,1,1,0,,230.8,0,normal,0.167,7,0.03,0
1785480177.7245145,1785480177.724545,0.0,0.0,0.0,0.0,0.0,0.0,-1.0,0,0,0.0,0.0,0.0,0.0,0.0,0.0,0.0,0.0,0.0,0.0,-1.0,-1.0,1.7511168700024378,-11.860860175556674,-3.0617978222351994,0.0,0.0,0.0,0.0,0.0,0.0,0,0,0.0,STOPPED,45.0,20,1,1,1,0,,230.8,0,normal,0.167,7,0.01,0
1785480177.7723858,1785480177.7724261,0.0,0.0,0.0,0.0,0.0,0.0,-1.0,0,0,0.0,0.0,0.0,0.0,0.0,0.0,0.0,0.0,0.0,0.0,-1.0,-1.0,1.7511168700024378,-11.860860175556674,-3.0617978222351994,0.0,0.0,0.0,0.0,0.0,0.0,0,0,0.0,STOPPED,45.0,20,1,1,1,0,,230.8,0,normal,0.167,7,0.03,0
1785480177.8229535,1785480177.8229973,0.0,0.0,0.0,0.0,0.0,0.0,-1.0,0,0,0.0,0.0,0.0,0.0,0.0,0.0,0.0,0.0,0.0,0.0,-1.0,-1.0,1.7511168700024378,-11.860860175556674,-3.0617978222351994,0.0,0.0,0.0,0.0,0.0,0.0,0,0,0.0,STOPPED,45.0,20,1,1,1,0,,230.8,0,normal,0.167,7,0.01,0
1785480177.869733,1785480177.8697422,0.0,0.0,0.0,0.0,0.0,0.0,-1.0,0,0,0.0,0.0,0.0,0.0,0.0,0.0,0.0,0.0,0.0,0.0,-1.0,-1.0,1.7511168700024378,-11.860860175556674,-3.0617978222351994,0.0,0.0,0.0,0.0,0.0,0.0,0,0,0.0,STOPPED,45.0,20,1,1,1,0,,230.8,0,normal,0.167,7,0.02,0
1785480177.9162633,1785480177.9162762,0.0,0.0,0.0,0.0,0.0,0.0,-1.0,0,0,0.0,0.0,0.0,0.0,0.0,0.0,0.0,0.0,0.0,0.0,-1.0,-1.0,1.7511168700024378,-11.860860175556674,-3.0617978222351994,0.0,0.0,0.0,0.0,0.0,0.0,0,0,0.0,STOPPED,45.0,20,1,1,1,0,,230.8,0,normal,0.167,7,0.03,0
1785480177.966748,1785480177.9667783,0.0,0.0,0.0,0.0,0.0,0.0,-1.0,0,0,0.0,0.0,0.0,0.0,0.0,0.0,0.0,0.0,0.0,0.0,-1.0,-1.0,1.7511168700024378,-11.860860175556674,-3.0617978222351994,0.0,0.0,0.0,0.0,0.0,0.0,0,0,0.0,STOPPED,45.0,20,1,1,1,0,,230.8,0,normal,0.167,7,0.02,0
1785480178.0195036,1785480178.0195394,0.0,0.0,0.0,0.0,0.0,0.0,-1.0,0,0,0.0,0.0,0.0,0.0,0.0,0.0,0.0,0.0,0.0,0.0,-1.0,-1.0,1.7511168700024378,-11.860860175556674,-3.0617978222351994,0.0,0.0,0.0,0.0,0.0,0.0,0,0,0.0,STOPPED,53.1,20,1,1,1,0,,230.8,0,normal,0.167,7,0.01,0
1785480178.067464,1785480178.0674741,0.0,0.0,0.0,0.0,0.0,0.0,-1.0,0,0,0.0,0.0,0.0,0.0,0.0,0.0,0.0,0.0,0.0,0.0,-1.0,-1.0,1.7511168700024378,-11.860860175556674,-3.0617978222351994,0.0,0.0,0.0,0.0,0.0,0.0,0,0,0.0,STOPPED,45.0,20,1,1,1,0,,230.8,0,normal,0.167,7,0.02,0
1785480178.1162796,1785480178.116293,0.0,0.0,0.0,0.0,0.0,0.0,-1.0,0,0,0.0,0.0,0.0,0.0,0.0,0.0,0.0,0.0,0.0,0.0,-1.0,-1.0,1.7511168700024378,-11.860860175556674,-3.0617978222351994,0.0,0.0,0.0,0.0,0.0,0.0,0,0,0.0,STOPPED,45.0,20,1,1,1,0,,230.8,0,normal,0.167,7,0.04,0
1785480178.1687498,1785480178.1687684,0.0,0.0,0.0,0.0,0.0,0.0,-1.0,0,0,0.0,0.0,0.0,0.0,0.0,0.0,0.0,0.0,0.0,0.0,-1.0,-1.0,1.7511168700024378,-11.860860175556674,-3.0617978222351994,0.0,0.0,0.0,0.0,0.0,0.0,0,0,0.0,STOPPED,45.0,20,1,1,1,0,,230.8,0,normal,0.167,7,0.02,0
1785480178.217771,1785480178.217805,0.0,0.0,0.0,0.0,0.0,0.0,-1.0,0,0,0.0,0.0,0.0,0.0,0.0,0.0,0.0,0.0,0.0,0.0,-1.0,-1.0,1.7511168700024378,-11.860860175556674,-3.0617978222351994,0.0,0.0,0.0,0.0,0.0,0.0,0,0,0.0,STOPPED,49.4,20,1,1,1,0,,230.8,0,normal,0.167,7,0.01,0
1785480178.2697363,1785480178.2697675,0.0,0.0,0.0,0.0,0.0,0.0,-1.0,0,0,0.0,0.0,0.0,0.0,0.0,0.0,0.0,0.0,0.0,0.0,-1.0,-1.0,1.7511168700024378,-11.860860175556674,-3.0617978222351994,0.0,0.0,0.0,0.0,0.0,0.0,0,0,0.0,STOPPED,39.8,20,1,1,1,0,,230.8,0,normal,0.167,7,0.02,0
1785480178.3179705,1785480178.3180025,0.0,0.0,0.0,0.0,0.0,0.0,-1.0,0,0,0.0,0.0,0.0,0.0,0.0,0.0,0.0,0.0,0.0,0.0,-1.0,-1.0,1.7511168700024378,-11.860860175556674,-3.0617978222351994,0.0,0.0,0.0,0.0,0.0,0.0,0,0,0.0,STOPPED,49.4,20,1,1,1,0,,230.8,0,normal,0.167,7,0.01,0
1785480178.372968,1785480178.373002,0.0,0.0,0.0,0.0,0.0,0.0,-1.0,0,0,0.0,0.0,0.0,0.0,0.0,0.0,0.0,0.0,0.0,0.0,-1.0,-1.0,1.7511168700024378,-11.860860175556674,-3.0617978222351994,0.0,0.0,0.0,0.0,0.0,0.0,0,0,0.0,STOPPED,45.0,20,1,1,1,0,,230.8,0,normal,0.167,7,0.03,0
1785480178.4205048,1785480178.4205208,0.0,0.0,0.0,0.0,0.0,0.0,-1.0,0,0,0.0,0.0,0.0,0.0,0.0,0.0,0.0,0.0,0.0,0.0,-1.0,-1.0,1.7511168700024378,-11.860860175556674,-3.0617978222351994,0.0,0.0,0.0,0.0,0.0,0.0,0,0,0.0,STOPPED,39.8,20,1,1,1,0,,230.8,0,normal,0.167,7,0.01,0
1785480178.466413,1785480178.46643,0.0,0.0,0.0,0.0,0.0,0.0,-1.0,0,0,0.0,0.0,0.0,0.0,0.0,0.0,0.0,0.0,0.0,0.0,-1.0,-1.0,1.7511168700024378,-11.860860175556674,-3.0617978222351994,0.0,0.0,0.0,0.0,0.0,0.0,0,0,0.0,STOPPED,45.0,20,1,1,1,0,,230.8,0,normal,0.167,7,0.02,0
1785480178.5163019,1785480178.5163116,0.0,0.0,0.0,0.0,0.0,0.0,-1.0,0,0,0.0,0.0,0.0,0.0,0.0,0.0,0.0,0.0,0.0,0.0,-1.0,-1.0,1.7511168700024378,-11.860860175556674,-3.0617978222351994,0.0,0.0,0.0,0.0,0.0,0.0,0,0,0.0,STOPPED,49.4,20,1,1,1,0,,230.8,0,normal,0.167,7,0.04,0
1785480178.567074,1785480178.5671136,0.0,0.0,0.0,0.0,0.0,0.0,-1.0,0,0,0.0,0.0,0.0,0.0,0.0,0.0,0.0,0.0,0.0,0.0,-1.0,-1.0,1.7511168700024378,-11.860860175556674,-3.0617978222351994,0.0,0.0,0.0,0.0,0.0,0.0,0,0,0.0,STOPPED,45.0,20,1,1,1,0,,230.8,0,normal,0.167,7,0.02,0
1785480178.6163652,1785480178.6163836,0.0,0.0,0.0,0.0,0.0,0.0,-1.0,0,0,0.0,0.0,0.0,0.0,0.0,0.0,0.0,0.0,0.0,0.0,-1.0,-1.0,1.7511168700024378,-11.860860175556674,-3.0617978222351994,0.0,0.0,0.0,0.0,0.0,0.0,0,0,0.0,STOPPED,49.4,20,1,1,1,0,,230.8,0,normal,0.167,7,0.01,0
1785480178.6672494,1785480178.6672833,0.0,0.0,0.0,0.0,0.0,0.0,-1.0,0,0,0.0,0.0,0.0,0.0,0.0,0.0,0.0,0.0,0.0,0.0,-1.0,-1.0,1.7511168700024378,-11.860860175556674,-3.0617978222351994,0.0,0.0,0.0,0.0,0.0,0.0,0,0,0.0,STOPPED,45.0,20,1,1,1,0,,230.8,0,normal,0.167,7,0.02,0
1785480178.7165692,1785480178.7166152,0.0,0.0,0.0,0.0,0.0,0.0,-1.0,0,0,0.0,0.0,0.0,0.0,0.0,0.0,0.0,0.0,0.0,0.0,-1.0,-1.0,1.7511168700024378,-11.860860175556674,-3.0617978222351994,0.0,0.0,0.0,0.0,0.0,0.0,0,0,0.0,STOPPED,45.0,20,1,1,1,0,,230.8,0,normal,0.167,7,0.01,0
1785480178.7662568,1785480178.7662673,0.0,0.0,0.0,0.0,0.0,0.0,-1.0,0,0,0.0,0.0,0.0,0.0,0.0,0.0,0.0,0.0,0.0,0.0,-1.0,-1.0,1.7511168700024378,-11.860860175556674,-3.0617978222351994,0.0,0.0,0.0,0.0,0.0,0.0,0,0,0.0,STOPPED,45.0,20,1,1,1,0,,230.8,0,normal,0.167,7,0.02,0
1785480178.8189983,1785480178.8190289,0.0,0.0,0.0,0.0,0.0,0.0,-1.0,0,0,0.0,0.0,0.0,0.0,0.0,0.0,0.0,0.0,0.0,0.0,-1.0,-1.0,1.7511168700024378,-11.860860175556674,-3.0617978222351994,0.0,0.0,0.0,0.0,0.0,0.0,0,0,0.0,STOPPED,45.0,20,1,1,1,0,,230.8,0,normal,0.167,7,0.01,0
1785480178.8704786,1785480178.8705118,0.0,0.0,0.0,0.0,0.0,0.0,-1.0,0,0,0.0,0.0,0.0,0.0,0.0,0.0,0.0,0.0,0.0,0.0,-1.0,-1.0,1.7511168700024378,-11.860860175556674,-3.0617978222351994,0.0,0.0,0.0,0.0,0.0,0.0,0,0,0.0,STOPPED,45.0,20,1,1,1,0,,230.8,0,normal,0.167,7,0.02,0
1785480178.9178343,1785480178.9178503,0.0,0.0,0.0,0.0,0.0,0.0,-1.0,0,0,0.0,0.0,0.0,0.0,0.0,0.0,0.0,0.0,0.0,0.0,-1.0,-1.0,1.7511168700024378,-11.860860175556674,-3.0617978222351994,0.0,0.0,0.0,0.0,0.0,0.0,0,0,0.0,STOPPED,45.0,20,1,1,1,0,,230.8,0,normal,0.167,7,0.01,0
1785480178.9676194,1785480178.9676378,0.0,0.0,0.0,0.0,0.0,0.0,-1.0,0,0,0.0,0.0,0.0,0.0,0.0,0.0,0.0,0.0,0.0,0.0,-1.0,-1.0,1.7511168700024378,-11.860860175556674,-3.0617978222351994,0.0,0.0,0.0,0.0,0.0,0.0,0,0,0.0,STOPPED,45.0,20,1,1,1,0,,230.8,0,normal,0.167,7,0.02,0
1785480179.0163715,1785480179.0164018,0.0,0.0,0.0,0.0,0.0,0.0,-1.0,0,0,0.0,0.0,0.0,0.0,0.0,0.0,0.0,0.0,0.0,0.0,-1.0,-1.0,1.7511168700024378,-11.860860175556674,-3.0617978222351994,0.0,0.0,0.0,0.0,0.0,0.0,0,0,0.0,STOPPED,45.0,20,1,1,1,0,,230.8,0,normal,0.167,7,0.01,0
1785480179.069176,1785480179.0692117,0.0,0.0,0.0,0.0,0.0,0.0,-1.0,0,0,0.0,0.0,0.0,0.0,0.0,0.0,0.0,0.0,0.0,0.0,-1.0,-1.0,1.7511168700024378,-11.860860175556674,-3.0617978222351994,0.0,0.0,0.0,0.0,0.0,0.0,0,0,0.0,STOPPED,39.8,20,1,1,1,0,,230.8,0,normal,0.167,7,0.02,0
1785480179.1163626,1785480179.1163857,0.0,0.0,0.0,0.0,0.0,0.0,-1.0,0,0,0.0,0.0,0.0,0.0,0.0,0.0,0.0,0.0,0.0,0.0,-1.0,-1.0,1.7511168700024378,-11.860860175556674,-3.0617978222351994,0.0,0.0,0.0,0.0,0.0,0.0,0,0,0.0,STOPPED,45.0,20,1,1,1,0,,230.8,0,normal,0.167,7,0.0,0
1785480179.1666815,1785480179.1667182,0.0,0.0,0.0,0.0,0.0,0.0,-1.0,0,0,0.0,0.0,0.0,0.0,0.0,0.0,0.0,0.0,0.0,0.0,-1.0,-1.0,1.7511168700024378,-11.860860175556674,-3.0617978222351994,0.0,0.0,0.0,0.0,0.0,0.0,0,0,0.0,STOPPED,45.0,20,1,1,1,0,,230.8,0,normal,0.167,7,0.02,0
1785480179.2183213,1785480179.218353,0.0,0.0,0.0,0.0,0.0,0.0,-1.0,0,0,0.0,0.0,0.0,0.0,0.0,0.0,0.0,0.0,0.0,0.0,-1.0,-1.0,1.7511168700024378,-11.860860175556674,-3.0617978222351994,0.0,0.0,0.0,0.0,0.0,0.0,0,0,0.0,STOPPED,49.4,20,1,1,1,0,,230.8,0,normal,0.167,7,0.01,0
1785480179.2691252,1785480179.2691343,0.0,0.0,0.0,0.0,0.0,0.0,-1.0,0,0,0.0,0.0,0.0,0.0,0.0,0.0,0.0,0.0,0.0,0.0,-1.0,-1.0,1.7511168700024378,-11.860860175556674,-3.0617978222351994,0.0,0.0,0.0,0.0,0.0,0.0,0,0,0.0,STOPPED,45.0,20,1,1,1,0,,230.8,0,normal,0.167,7,0.02,0
1785480179.3162835,1785480179.3162956,0.0,0.0,0.0,0.0,0.0,0.0,-1.0,0,0,0.0,0.0,0.0,0.0,0.0,0.0,0.0,0.0,0.0,0.0,-1.0,-1.0,1.7511168700024378,-11.860860175556674,-3.0617978222351994,0.0,0.0,0.0,0.0,0.0,0.0,0,0,0.0,STOPPED,45.0,20,1,1,1,0,,230.8,0,normal,0.167,7,0.03,0
1785480179.3668835,1785480179.366942,0.0,0.0,0.0,0.0,0.0,0.0,-1.0,0,0,0.0,0.0,0.0,0.0,0.0,0.0,0.0,0.0,0.0,0.0,-1.0,-1.0,1.7511168700024378,-11.860860175556674,-3.0617978222351994,0.0,0.0,0.0,0.0,0.0,0.0,0,0,0.0,STOPPED,49.4,20,1,1,1,0,,230.8,0,normal,0.167,7,0.03,0
1785480179.416801,1785480179.4168153,0.0,0.0,0.0,0.0,0.0,0.0,-1.0,0,0,0.0,0.0,0.0,0.0,0.0,0.0,0.0,0.0,0.0,0.0,-1.0,-1.0,1.7511168700024378,-11.860860175556674,-3.0617978222351994,0.0,0.0,0.0,0.0,0.0,0.0,0,0,0.0,STOPPED,45.0,20,1,1,1,0,,230.8,0,normal,0.167,7,0.0,0
1785480179.4666119,1785480179.4666495,0.0,0.0,0.0,0.0,0.0,0.0,-1.0,0,0,0.0,0.0,0.0,0.0,0.0,0.0,0.0,0.0,0.0,0.0,-1.0,-1.0,1.7511168700024378,-11.860860175556674,-3.0617978222351994,0.0,0.0,0.0,0.0,0.0,0.0,0,0,0.0,STOPPED,45.0,20,1,1,1,0,,230.8,0,normal,0.167,7,0.02,0
1785480179.5164993,1785480179.5165327,0.0,0.0,0.0,0.0,0.0,0.0,-1.0,0,0,0.0,0.0,0.0,0.0,0.0,0.0,0.0,0.0,0.0,0.0,-1.0,-1.0,1.7511168700024378,-11.860860175556674,-3.0617978222351994,0.0,0.0,0.0,0.0,0.0,0.0,0,0,0.0,STOPPED,45.0,20,1,1,1,0,,230.8,0,normal,0.167,7,0.01,0
1785480179.568244,1785480179.5682783,0.0,0.0,0.0,0.0,0.0,0.0,-1.0,0,0,0.0,0.0,0.0,0.0,0.0,0.0,0.0,0.0,0.0,0.0,-1.0,-1.0,1.7511168700024378,-11.860860175556674,-3.0617978222351994,0.0,0.0,0.0,0.0,0.0,0.0,0,0,0.0,STOPPED,45.0,20,1,1,1,0,,230.8,0,normal,0.167,7,0.02,0
1785480179.6163847,1785480179.6164074,0.0,0.0,0.0,0.0,0.0,0.0,-1.0,0,0,0.0,0.0,0.0,0.0,0.0,0.0,0.0,0.0,0.0,0.0,-1.0,-1.0,1.7511168700024378,-11.860860175556674,-3.0617978222351994,0.0,0.0,0.0,0.0,0.0,0.0,0,0,0.0,STOPPED,45.0,20,1,1,1,0,,230.8,0,normal,0.167,7,0.01,0
1785480179.6663136,1785480179.6663275,0.0,0.0,0.0,0.0,0.0,0.0,-1.0,0,0,0.0,0.0,0.0,0.0,0.0,0.0,0.0,0.0,0.0,0.0,-1.0,-1.0,1.7511168700024378,-11.860860175556674,-3.0617978222351994,0.0,0.0,0.0,0.0,0.0,0.0,0,0,0.0,STOPPED,49.4,20,1,1,1,0,,230.8,0,normal,0.167,7,0.02,0
1785480179.7163234,1785480179.7163403,0.0,0.0,0.0,0.0,0.0,0.0,-1.0,0,0,0.0,0.0,0.0,0.0,0.0,0.0,0.0,0.0,0.0,0.0,-1.0,-1.0,1.7511168700024378,-11.860860175556674,-3.0617978222351994,0.0,0.0,0.0,0.0,0.0,0.0,0,0,0.0,STOPPED,45.0,20,1,1,1,0,,230.8,0,normal,0.167,7,0.0,0
1785480179.7664492,1785480179.7664638,0.0,0.0,0.0,0.0,0.0,0.0,-1.0,0,0,0.0,0.0,0.0,0.0,0.0,0.0,0.0,0.0,0.0,0.0,-1.0,-1.0,1.7511168700024378,-11.860860175556674,-3.0617978222351994,0.0,0.0,0.0,0.0,0.0,0.0,0,0,0.0,STOPPED,45.0,20,1,1,1,0,,230.8,0,normal,0.167,7,0.01,0
1785480179.8164957,1785480179.8165307,0.0,0.0,0.0,0.0,0.0,0.0,-1.0,0,0,0.0,0.0,0.0,0.0,0.0,0.0,0.0,0.0,0.0,0.0,-1.0,-1.0,1.7511168700024378,-11.860860175556674,-3.0617978222351994,0.0,0.0,0.0,0.0,0.0,0.0,0,0,0.0,STOPPED,45.0,20,1,1,1,0,,230.8,0,normal,0.167,7,0.01,0
1785480179.8695986,1785480179.8696296,0.0,0.0,0.0,0.0,0.0,0.0,-1.0,0,0,0.0,0.0,0.0,0.0,0.0,0.0,0.0,0.0,0.0,0.0,-1.0,-1.0,1.7511168700024378,-11.860860175556674,-3.0617978222351994,0.0,0.0,0.0,0.0,0.0,0.0,0,0,0.0,STOPPED,39.8,20,1,1,1,0,,230.8,0,normal,0.167,7,0.02,0
1785480179.9168797,1785480179.9169168,0.0,0.0,0.0,0.0,0.0,0.0,-1.0,0,0,0.0,0.0,0.0,0.0,0.0,0.0,0.0,0.0,0.0,0.0,-1.0,-1.0,1.7511168700024378,-11.860860175556674,-3.0617978222351994,0.0,0.0,0.0,0.0,0.0,0.0,0,0,0.0,STOPPED,39.8,20,1,1,1,0,,230.8,0,normal,0.167,7,0.0,0
1785480179.9663403,1785480179.9663568,0.0,0.0,0.0,0.0,0.0,0.0,-1.0,0,0,0.0,0.0,0.0,0.0,0.0,0.0,0.0,0.0,0.0,0.0,-1.0,-1.0,1.7511168700024378,-11.860860175556674,-3.0617978222351994,0.0,0.0,0.0,0.0,0.0,0.0,0,0,0.0,STOPPED,45.0,20,1,1,1,0,,230.8,0,normal,0.167,7,0.02,0
1785480180.0164168,1785480180.016431,0.0,0.0,0.0,0.0,0.0,0.0,-1.0,0,0,0.0,0.0,0.0,0.0,0.0,0.0,0.0,0.0,0.0,0.0,-1.0,-1.0,1.7511168700024378,-11.860860175556674,-3.0617978222351994,0.0,0.0,0.0,0.0,0.0,0.0,0,0,0.0,STOPPED,39.8,20,1,1,1,0,,230.8,0,normal,0.167,7,0.01,0
1785480180.0670154,1785480180.067046,0.0,0.0,0.0,0.0,0.0,0.0,-1.0,0,0,0.0,0.0,0.0,0.0,0.0,0.0,0.0,0.0,0.0,0.0,-1.0,-1.0,1.7511168700024378,-11.860860175556674,-3.0617978222351994,0.0,0.0,0.0,0.0,0.0,0.0,0,0,0.0,STOPPED,45.0,20,1,1,1,0,,230.8,0,normal,0.167,7,0.02,0
1785480180.1163943,1785480180.1164098,0.0,0.0,0.0,0.0,0.0,0.0,-1.0,0,0,0.0,0.0,0.0,0.0,0.0,0.0,0.0,0.0,0.0,0.0,-1.0,-1.0,1.7511168700024378,-11.860860175556674,-3.0617978222351994,0.0,0.0,0.0,0.0,0.0,0.0,0,0,0.0,STOPPED,45.0,20,1,1,1,0,,230.8,0,normal,0.167,7,0.01,0
1785480180.1686711,1785480180.1687124,0.0,0.0,0.0,0.0,0.0,0.0,-1.0,0,0,0.0,0.0,0.0,0.0,0.0,0.0,0.0,0.0,0.0,0.0,-1.0,-1.0,1.7511168700024378,-11.860860175556674,-3.0617978222351994,0.0,0.0,0.0,0.0,0.0,0.0,0,0,0.0,STOPPED,45.0,20,1,1,1,0,,230.8,0,normal,0.167,7,0.03,0
1785480180.2162511,1785480180.216262,0.0,0.0,0.0,0.0,0.0,0.0,-1.0,0,0,0.0,0.0,0.0,0.0,0.0,0.0,0.0,0.0,0.0,0.0,-1.0,-1.0,1.7511168700024378,-11.860860175556674,-3.0617978222351994,0.0,0.0,0.0,0.0,0.0,0.0,0,0,0.0,STOPPED,45.0,20,1,1,1,0,,230.8,0,normal,0.167,7,0.04,0
1785480180.2667737,1785480180.266825,0.0,0.0,0.0,0.0,0.0,0.0,-1.0,0,0,0.0,0.0,0.0,0.0,0.0,0.0,0.0,0.0,0.0,0.0,-1.0,-1.0,1.7511168700024378,-11.860860175556674,-3.0617978222351994,0.0,0.0,0.0,0.0,0.0,0.0,0,0,0.0,STOPPED,45.0,20,1,1,1,0,,230.8,0,normal,0.167,7,0.02,0
1785480180.3165393,1785480180.3165753,0.0,0.0,0.0,0.0,0.0,0.0,-1.0,0,0,0.0,0.0,0.0,0.0,0.0,0.0,0.0,0.0,0.0,0.0,-1.0,-1.0,1.7511168700024378,-11.860860175556674,-3.0617978222351994,0.0,0.0,0.0,0.0,0.0,0.0,0,0,0.0,STOPPED,45.0,20,1,1,1,0,,230.8,0,normal,0.167,7,0.04,0
1785480180.366627,1785480180.3666425,0.0,0.0,0.0,0.0,0.0,0.0,-1.0,0,0,0.0,0.0,0.0,0.0,0.0,0.0,0.0,0.0,0.0,0.0,-1.0,-1.0,1.7511168700024378,-11.860860175556674,-3.0617978222351994,0.0,0.0,0.0,0.0,0.0,0.0,0,0,0.0,STOPPED,45.0,20,1,1,1,0,,230.8,0,normal,0.167,7,0.02,0
1785480180.4163373,1785480180.4163518,0.0,0.0,0.0,0.0,0.0,0.0,-1.0,0,0,0.0,0.0,0.0,0.0,0.0,0.0,0.0,0.0,0.0,0.0,-1.0,-1.0,1.7511168700024378,-11.860860175556674,-3.0617978222351994,0.0,0.0,0.0,0.0,0.0,0.0,0,0,0.0,STOPPED,45.0,20,1,1,1,0,,230.8,0,normal,0.167,7,0.03,0
1785480180.4671235,1785480180.4671838,0.0,0.0,0.0,0.0,0.0,0.0,-1.0,0,0,0.0,0.0,0.0,0.0,0.0,0.0,0.0,0.0,0.0,0.0,-1.0,-1.0,1.7511168700024378,-11.860860175556674,-3.0617978222351994,0.0,0.0,0.0,0.0,0.0,0.0,0,0,0.0,STOPPED,39.8,20,1,1,1,0,,230.8,0,normal,0.167,7,0.02,0
1785480180.5163195,1785480180.5163338,0.0,0.0,0.0,0.0,0.0,0.0,-1.0,0,0,0.0,0.0,0.0,0.0,0.0,0.0,0.0,0.0,0.0,0.0,-1.0,-1.0,1.7511168700024378,-11.860860175556674,-3.0617978222351994,0.0,0.0,0.0,0.0,0.0,0.0,0,0,0.0,STOPPED,45.0,20,1,1,1,0,,230.8,0,normal,0.167,7,0.03,0
1785480180.5669203,1785480180.566965,0.0,0.0,0.0,0.0,0.0,0.0,-1.0,0,0,0.0,0.0,0.0,0.0,0.0,0.0,0.0,0.0,0.0,0.0,-1.0,-1.0,1.7511168700024378,-11.860860175556674,-3.0617978222351994,0.0,0.0,0.0,0.0,0.0,0.0,0,0,0.0,STOPPED,49.4,20,1,1,1,0,,230.8,0,normal,0.167,7,0.02,0
1785480180.6164317,1785480180.6164622,0.0,0.0,0.0,0.0,0.0,0.0,-1.0,0,0,0.0,0.0,0.0,0.0,0.0,0.0,0.0,0.0,0.0,0.0,-1.0,-1.0,1.7511168700024378,-11.860860175556674,-3.0617978222351994,0.0,0.0,0.0,0.0,0.0,0.0,0,0,0.0,STOPPED,49.4,20,1,1,1,0,,230.8,0,normal,0.167,7,0.01,0
1785480180.6662467,1785480180.666256,0.0,0.0,0.0,0.0,0.0,0.0,-1.0,0,0,0.0,0.0,0.0,0.0,0.0,0.0,0.0,0.0,0.0,0.0,-1.0,-1.0,1.7511168700024378,-11.860860175556674,-3.0617978222351994,0.0,0.0,0.0,0.0,0.0,0.0,0,0,0.0,STOPPED,49.4,20,1,1,1,0,,230.8,0,normal,0.167,7,0.02,0
1785480180.716559,1785480180.7165952,0.0,0.0,0.0,0.0,0.0,0.0,-1.0,0,0,0.0,0.0,0.0,0.0,0.0,0.0,0.0,0.0,0.0,0.0,-1.0,-1.0,1.7511168700024378,-11.860860175556674,-3.0617978222351994,0.0,0.0,0.0,0.0,0.0,0.0,0,0,0.0,STOPPED,39.8,20,1,1,1,0,,230.8,0,normal,0.167,7,0.0,0
1785480180.7663975,1785480180.766413,0.0,0.0,0.0,0.0,0.0,0.0,-1.0,0,0,0.0,0.0,0.0,0.0,0.0,0.0,0.0,0.0,0.0,0.0,-1.0,-1.0,1.7511168700024378,-11.860860175556674,-3.0617978222351994,0.0,0.0,0.0,0.0,0.0,0.0,0,0,0.0,STOPPED,45.0,20,1,1,1,0,,230.8,0,normal,0.167,7,0.02,0
1785480180.8164513,1785480180.8164687,0.0,0.0,0.0,0.0,0.0,0.0,-1.0,0,0,0.0,0.0,0.0,0.0,0.0,0.0,0.0,0.0,0.0,0.0,-1.0,-1.0,1.7511168700024378,-11.860860175556674,-3.0617978222351994,0.0,0.0,0.0,0.0,0.0,0.0,0,0,0.0,STOPPED,49.4,20,1,1,1,0,,230.8,0,normal,0.167,7,0.0,0
1785480180.867191,1785480180.8672247,0.0,0.0,0.0,0.0,0.0,0.0,-1.0,0,0,0.0,0.0,0.0,0.0,0.0,0.0,0.0,0.0,0.0,0.0,-1.0,-1.0,1.7511168700024378,-11.860860175556674,-3.0617978222351994,0.0,0.0,0.0,0.0,0.0,0.0,0,0,0.0,STOPPED,49.4,20,1,1,1,0,,230.8,0,normal,0.167,7,0.02,0
1785480180.916433,1785480180.9164646,0.0,0.0,0.0,0.0,0.0,0.0,-1.0,0,0,0.0,0.0,0.0,0.0,0.0,0.0,0.0,0.0,0.0,0.0,-1.0,-1.0,1.7511168700024378,-11.860860175556674,-3.0617978222351994,0.0,0.0,0.0,0.0,0.0,0.0,0,0,0.0,STOPPED,45.0,20,1,1,1,0,,230.8,0,normal,0.167,7,0.0,0
1785480180.9692118,1785480180.9692225,0.0,0.0,0.0,0.0,0.0,0.0,-1.0,0,0,0.0,0.0,0.0,0.0,0.0,0.0,0.0,0.0,0.0,0.0,-1.0,-1.0,1.7511168700024378,-11.860860175556674,-3.0617978222351994,0.0,0.0,0.0,0.0,0.0,0.0,0,0,0.0,STOPPED,45.0,20,1,1,1,0,,230.8,0,normal,0.167,7,0.02,0
1785480181.0177476,1785480181.017782,0.0,0.0,0.0,0.0,0.0,0.0,-1.0,0,0,0.0,0.0,0.0,0.0,0.0,0.0,0.0,0.0,0.0,0.0,-1.0,-1.0,1.7511168700024378,-11.860860175556674,-3.0617978222351994,0.0,0.0,0.0,0.0,0.0,0.0,0,0,0.0,STOPPED,45.0,20,1,1,1,0,,230.8,0,normal,0.167,7,0.04,0
1785480181.066329,1785480181.0663416,0.0,0.0,0.0,0.0,0.0,0.0,-1.0,0,0,0.0,0.0,0.0,0.0,0.0,0.0,0.0,0.0,0.0,0.0,-1.0,-1.0,1.7511168700024378,-11.860860175556674,-3.0617978222351994,0.0,0.0,0.0,0.0,0.0,0.0,0,0,0.0,STOPPED,39.8,20,1,1,1,0,,230.8,0,normal,0.167,7,0.02,0
1785480181.1164021,1785480181.1164265,0.0,0.0,0.0,0.0,0.0,0.0,-1.0,0,0,0.0,0.0,0.0,0.0,0.0,0.0,0.0,0.0,0.0,0.0,-1.0,-1.0,1.7511168700024378,-11.860860175556674,-3.0617978222351994,0.0,0.0,0.0,0.0,0.0,0.0,0,0,0.0,STOPPED,45.0,20,1,1,1,0,,230.8,0,normal,0.167,7,0.03,0
1785480181.1667504,1785480181.1667845,0.0,0.0,0.0,0.0,0.0,0.0,-1.0,0,0,0.0,0.0,0.0,0.0,0.0,0.0,0.0,0.0,0.0,0.0,-1.0,-1.0,1.7511168700024378,-11.860860175556674,-3.0617978222351994,0.0,0.0,0.0,0.0,0.0,0.0,0,0,0.0,STOPPED,49.4,20,1,1,1,0,,230.8,0,normal,0.167,7,0.02,0
1785480181.2164793,1785480181.2165155,0.0,0.0,0.0,0.0,0.0,0.0,-1.0,0,0,0.0,0.0,0.0,0.0,0.0,0.0,0.0,0.0,0.0,0.0,-1.0,-1.0,1.7511168700024378,-11.860860175556674,-3.0617978222351994,0.0,0.0,0.0,0.0,0.0,0.0,0,0,0.0,STOPPED,45.0,20,1,1,1,0,,230.8,0,normal,0.167,7,0.0,0
1785480181.2664914,1785480181.2665243,0.0,0.0,0.0,0.0,0.0,0.0,-1.0,0,0,0.0,0.0,0.0,0.0,0.0,0.0,0.0,0.0,0.0,0.0,-1.0,-1.0,1.7511168700024378,-11.860860175556674,-3.0617978222351994,0.0,0.0,0.0,0.0,0.0,0.0,0,0,0.0,STOPPED,45.0,20,1,1,1,0,,230.8,0,normal,0.167,7,0.02,0
1785480181.3163192,1785480181.3163316,0.0,0.0,0.0,0.0,0.0,0.0,-1.0,0,0,0.0,0.0,0.0,0.0,0.0,0.0,0.0,0.0,0.0,0.0,-1.0,-1.0,1.7511168700024378,-11.860860175556674,-3.0617978222351994,0.0,0.0,0.0,0.0,0.0,0.0,0,0,0.0,STOPPED,45.0,20,1,1,1,0,,230.8,0,normal,0.167,7,0.0,0
1785480181.3668933,1785480181.3669083,0.0,0.0,0.0,0.0,0.0,0.0,-1.0,0,0,0.0,0.0,0.0,0.0,0.0,0.0,0.0,0.0,0.0,0.0,-1.0,-1.0,1.7511168700024378,-11.860860175556674,-3.0617978222351994,0.0,0.0,0.0,0.0,0.0,0.0,0,0,0.0,STOPPED,39.8,20,1,1,1,0,,230.8,0,normal,0.167,7,0.02,0
1785480181.4163184,1785480181.4163325,0.0,0.0,0.0,0.0,0.0,0.0,-1.0,0,0,0.0,0.0,0.0,0.0,0.0,0.0,0.0,0.0,0.0,0.0,-1.0,-1.0,1.7511168700024378,-11.860860175556674,-3.0617978222351994,0.0,0.0,0.0,0.0,0.0,0.0,0,0,0.0,STOPPED,45.0,20,1,1,1,0,,230.8,0,normal,0.167,7,0.01,0
1785480181.4702206,1785480181.4702523,0.0,0.0,0.0,0.0,0.0,0.0,-1.0,0,0,0.0,0.0,0.0,0.0,0.0,0.0,0.0,0.0,0.0,0.0,-1.0,-1.0,1.7511168700024378,-11.860860175556674,-3.0617978222351994,0.0,0.0,0.0,0.0,0.0,0.0,0,0,0.0,STOPPED,45.0,20,1,1,1,0,,230.8,0,normal,0.167,7,0.02,0
1785480181.517327,1785480181.5173385,0.0,0.0,0.0,0.0,0.0,0.0,-1.0,0,0,0.0,0.0,0.0,0.0,0.0,0.0,0.0,0.0,0.0,0.0,-1.0,-1.0,1.7511168700024378,-11.860860175556674,-3.0617978222351994,0.0,0.0,0.0,0.0,0.0,0.0,0,0,0.0,STOPPED,45.0,20,1,1,1,0,,230.8,0,normal,0.167,7,0.01,0
1785480181.567997,1785480181.5680313,0.0,0.0,0.0,0.0,0.0,0.0,-1.0,0,0,0.0,0.0,0.0,0.0,0.0,0.0,0.0,0.0,0.0,0.0,-1.0,-1.0,1.7511168700024378,-11.860860175556674,-3.0617978222351994,0.0,0.0,0.0,0.0,0.0,0.0,0,0,0.0,STOPPED,39.8,20,1,1,1,0,,230.8,0,normal,0.167,7,0.02,0
1785480181.6163137,1785480181.616331,0.0,0.0,0.0,0.0,0.0,0.0,-1.0,0,0,0.0,0.0,0.0,0.0,0.0,0.0,0.0,0.0,0.0,0.0,-1.0,-1.0,1.7511168700024378,-11.860860175556674,-3.0617978222351994,0.0,0.0,0.0,0.0,0.0,0.0,0,0,0.0,STOPPED,45.0,20,1,1,1,0,,230.8,0,normal,0.167,7,0.04,0
1785480181.6667209,1785480181.6667652,0.0,0.0,0.0,0.0,0.0,0.0,-1.0,0,0,0.0,0.0,0.0,0.0,0.0,0.0,0.0,0.0,0.0,0.0,-1.0,-1.0,1.7511168700024378,-11.860860175556674,-3.0617978222351994,0.0,0.0,0.0,0.0,0.0,0.0,0,0,0.0,STOPPED,45.0,20,1,1,1,0,,230.8,0,normal,0.167,7,0.02,0
1785480181.7163227,1785480181.7163403,0.0,0.0,0.0,0.0,0.0,0.0,-1.0,0,0,0.0,0.0,0.0,0.0,0.0,0.0,0.0,0.0,0.0,0.0,-1.0,-1.0,1.7511168700024378,-11.860860175556674,-3.0617978222351994,0.0,0.0,0.0,0.0,0.0,0.0,0,0,0.0,STOPPED,45.0,20,1,1,1,0,,230.8,0,normal,0.167,7,0.01,0
1785480181.7690947,1785480181.7691324,0.0,0.0,0.0,0.0,0.0,0.0,-1.0,0,0,0.0,0.0,0.0,0.0,0.0,0.0,0.0,0.0,0.0,0.0,-1.0,-1.0,1.7511168700024378,-11.860860175556674,-3.0617978222351994,0.0,0.0,0.0,0.0,0.0,0.0,0,0,0.0,STOPPED,45.0,20,1,1,1,0,,230.8,0,normal,0.167,7,0.02,0
1785480181.8162367,1785480181.8162456,0.0,0.0,0.0,0.0,0.0,0.0,-1.0,0,0,0.0,0.0,0.0,0.0,0.0,0.0,0.0,0.0,0.0,0.0,-1.0,-1.0,1.7511168700024378,-11.860860175556674,-3.0617978222351994,0.0,0.0,0.0,0.0,0.0,0.0,0,0,0.0,STOPPED,45.0,20,1,1,1,0,,230.8,0,normal,0.167,7,0.0,0
1785480181.8666174,1785480181.866654,0.0,0.0,0.0,0.0,0.0,0.0,-1.0,0,0,0.0,0.0,0.0,0.0,0.0,0.0,0.0,0.0,0.0,0.0,-1.0,-1.0,1.7511168700024378,-11.860860175556674,-3.0617978222351994,0.0,0.0,0.0,0.0,0.0,0.0,0,0,0.0,STOPPED,33.7,20,1,1,1,0,,230.8,0,normal,0.167,7,0.02,0
1785480181.91682,1785480181.9168522,0.0,0.0,0.0,0.0,0.0,0.0,-1.0,0,0,0.0,0.0,0.0,0.0,0.0,0.0,0.0,0.0,0.0,0.0,-1.0,-1.0,1.7511168700024378,-11.860860175556674,-3.0617978222351994,0.0,0.0,0.0,0.0,0.0,0.0,0,0,0.0,STOPPED,45.0,20,1,1,1,0,,230.8,0,normal,0.167,7,0.01,0
1785480181.9680905,1785480181.9681213,0.0,0.0,0.0,0.0,0.0,0.0,-1.0,0,0,0.0,0.0,0.0,0.0,0.0,0.0,0.0,0.0,0.0,0.0,-1.0,-1.0,1.7511168700024378,-11.860860175556674,-3.0617978222351994,0.0,0.0,0.0,0.0,0.0,0.0,0,0,0.0,STOPPED,45.0,20,1,1,1,0,,230.8,0,normal,0.167,7,0.02,0
1785480182.0164037,1785480182.01642,0.0,0.0,0.0,0.0,0.0,0.0,-1.0,0,0,0.0,0.0,0.0,0.0,0.0,0.0,0.0,0.0,0.0,0.0,-1.0,-1.0,1.7511168700024378,-11.860860175556674,-3.0617978222351994,0.0,0.0,0.0,0.0,0.0,0.0,0,0,0.0,STOPPED,45.0,20,1,1,1,0,,230.8,0,normal,0.167,7,0.0,0
1785480182.0677707,1785480182.067804,0.0,0.0,0.0,0.0,0.0,0.0,-1.0,0,0,0.0,0.0,0.0,0.0,0.0,0.0,0.0,0.0,0.0,0.0,-1.0,-1.0,1.7511168700024378,-11.860860175556674,-3.0617978222351994,0.0,0.0,0.0,0.0,0.0,0.0,0,0,0.0,STOPPED,45.0,20,1,1,1,0,,230.8,0,normal,0.167,7,0.02,0
1785480182.1163185,1785480182.1163344,0.0,0.0,0.0,0.0,0.0,0.0,-1.0,0,0,0.0,0.0,0.0,0.0,0.0,0.0,0.0,0.0,0.0,0.0,-1.0,-1.0,1.7511168700024378,-11.860860175556674,-3.0617978222351994,0.0,0.0,0.0,0.0,0.0,0.0,0,0,0.0,STOPPED,39.8,20,1,1,1,0,,230.8,0,normal,0.167,7,0.04,0
1785480182.1669388,1785480182.1669602,0.0,0.0,0.0,0.0,0.0,0.0,-1.0,0,0,0.0,0.0,0.0,0.0,0.0,0.0,0.0,0.0,0.0,0.0,-1.0,-1.0,1.7511168700024378,-11.860860175556674,-3.0617978222351994,0.0,0.0,0.0,0.0,0.0,0.0,0,0,0.0,STOPPED,49.4,20,1,1,1,0,,230.8,0,normal,0.167,7,0.02,0
1785480182.2164822,1785480182.2165182,0.0,0.0,0.0,0.0,0.0,0.0,-1.0,0,0,0.0,0.0,0.0,0.0,0.0,0.0,0.0,0.0,0.0,0.0,-1.0,-1.0,1.7511168700024378,-11.860860175556674,-3.0617978222351994,0.0,0.0,0.0,0.0,0.0,0.0,0,0,0.0,STOPPED,45.0,20,1,1,1,0,,230.8,0,normal,0.167,7,0.01,0
1785480182.2686744,1785480182.2689807,0.0,0.0,0.0,0.0,0.0,0.0,-1.0,0,0,0.0,0.0,0.0,0.0,0.0,0.0,0.0,0.0,0.0,0.0,-1.0,-1.0,1.7511168700024378,-11.860860175556674,-3.0617978222351994,0.0,0.0,0.0,0.0,0.0,0.0,0,0,0.0,STOPPED,39.8,20,1,1,1,0,,230.8,0,normal,0.167,7,0.03,0
1785480182.317686,1785480182.3177254,0.0,0.0,0.0,0.0,0.0,0.0,-1.0,0,0,0.0,0.0,0.0,0.0,0.0,0.0,0.0,0.0,0.0,0.0,-1.0,-1.0,1.7511168700024378,-11.860860175556674,-3.0617978222351994,0.0,0.0,0.0,0.0,0.0,0.0,0,0,0.0,STOPPED,45.0,20,1,1,1,0,,230.8,0,normal,0.167,7,0.01,0
1785480182.3747413,1785480182.3747625,0.0,0.0,0.0,0.0,0.0,0.0,-1.0,0,0,0.0,0.0,0.0,0.0,0.0,0.0,0.0,0.0,0.0,0.0,-1.0,-1.0,1.7511168700024378,-11.860860175556674,-3.0617978222351994,0.0,0.0,0.0,0.0,0.0,0.0,0,0,0.0,STOPPED,45.0,20,1,1,1,0,,230.8,0,normal,0.167,7,0.03,0
1785480182.420911,1785480182.4209268,0.0,0.0,0.0,0.0,0.0,0.0,-1.0,0,0,0.0,0.0,0.0,0.0,0.0,0.0,0.0,0.0,0.0,0.0,-1.0,-1.0,1.7511168700024378,-11.860860175556674,-3.0617978222351994,0.0,0.0,0.0,0.0,0.0,0.0,0,0,0.0,STOPPED,45.0,20,1,1,1,0,,230.8,0,normal,0.167,7,0.01,0
1785480182.4677463,1785480182.4677818,0.0,0.0,0.0,0.0,0.0,0.0,-1.0,0,0,0.0,0.0,0.0,0.0,0.0,0.0,0.0,0.0,0.0,0.0,-1.0,-1.0,1.7511168700024378,-11.860860175556674,-3.0617978222351994,0.0,0.0,0.0,0.0,0.0,0.0,0,0,0.0,STOPPED,45.0,20,1,1,1,0,,230.8,0,normal,0.167,7,0.02,0
1785480182.5168235,1785480182.5168548,0.0,0.0,0.0,0.0,0.0,0.0,-1.0,0,0,0.0,0.0,0.0,0.0,0.0,0.0,0.0,0.0,0.0,0.0,-1.0,-1.0,1.7511168700024378,-11.860860175556674,-3.0617978222351994,0.0,0.0,0.0,0.0,0.0,0.0,0,0,0.0,STOPPED,53.1,20,1,1,1,0,,230.8,0,normal,0.167,7,0.04,0
1785480182.5666256,1785480182.566645,0.0,0.0,0.0,0.0,0.0,0.0,-1.0,0,0,0.0,0.0,0.0,0.0,0.0,0.0,0.0,0.0,0.0,0.0,-1.0,-1.0,1.7511168700024378,-11.860860175556674,-3.0617978222351994,0.0,0.0,0.0,0.0,0.0,0.0,0,0,0.0,STOPPED,45.0,20,1,1,1,0,,230.8,0,normal,0.167,7,0.02,0
1785480182.616461,1785480182.616495,0.0,0.0,0.0,0.0,0.0,0.0,-1.0,0,0,0.0,0.0,0.0,0.0,0.0,0.0,0.0,0.0,0.0,0.0,-1.0,-1.0,1.7511168700024378,-11.860860175556674,-3.0617978222351994,0.0,0.0,0.0,0.0,0.0,0.0,0,0,0.0,STOPPED,45.0,20,1,1,1,0,,230.8,0,normal,0.167,7,0.04,0
1785480182.6664143,1785480182.6664305,0.0,0.0,0.0,0.0,0.0,0.0,-1.0,0,0,0.0,0.0,0.0,0.0,0.0,0.0,0.0,0.0,0.0,0.0,-1.0,-1.0,1.7511168700024378,-11.860860175556674,-3.0617978222351994,0.0,0.0,0.0,0.0,0.0,0.0,0,0,0.0,STOPPED,45.0,20,1,1,1,0,,230.8,0,normal,0.167,7,0.02,0
1785480182.716489,1785480182.7165227,0.0,0.0,0.0,0.0,0.0,0.0,-1.0,0,0,0.0,0.0,0.0,0.0,0.0,0.0,0.0,0.0,0.0,0.0,-1.0,-1.0,1.7511168700024378,-11.860860175556674,-3.0617978222351994,0.0,0.0,0.0,0.0,0.0,0.0,0,0,0.0,STOPPED,45.0,20,1,1,1,0,,230.8,0,normal,0.167,7,0.0,0
1785480182.7700932,1785480182.7701366,0.0,0.0,0.0,0.0,0.0,0.0,-1.0,0,0,0.0,0.0,0.0,0.0,0.0,0.0,0.0,0.0,0.0,0.0,-1.0,-1.0,1.7511168700024378,-11.860860175556674,-3.0617978222351994,0.0,0.0,0.0,0.0,0.0,0.0,0,0,0.0,STOPPED,45.0,20,1,1,1,0,,230.8,0,normal,0.167,7,0.02,0
1785480182.8163614,1785480182.8163748,0.0,0.0,0.0,0.0,0.0,0.0,-1.0,0,0,0.0,0.0,0.0,0.0,0.0,0.0,0.0,0.0,0.0,0.0,-1.0,-1.0,1.7511168700024378,-11.860860175556674,-3.0617978222351994,0.0,0.0,0.0,0.0,0.0,0.0,0,0,0.0,STOPPED,45.0,20,1,1,1,0,,230.8,0,normal,0.167,7,0.0,0
1785480182.866396,1785480182.866414,0.0,0.0,0.0,0.0,0.0,0.0,-1.0,0,0,0.0,0.0,0.0,0.0,0.0,0.0,0.0,0.0,0.0,0.0,-1.0,-1.0,1.7511168700024378,-11.860860175556674,-3.0617978222351994,0.0,0.0,0.0,0.0,0.0,0.0,0,0,0.0,STOPPED,49.4,20,1,1,1,0,,230.8,0,normal,0.167,7,0.02,0
1785480182.9164996,1785480182.916536,0.0,0.0,0.0,0.0,0.0,0.0,-1.0,0,0,0.0,0.0,0.0,0.0,0.0,0.0,0.0,0.0,0.0,0.0,-1.0,-1.0,1.7511168700024378,-11.860860175556674,-3.0617978222351994,0.0,0.0,0.0,0.0,0.0,0.0,0,0,0.0,STOPPED,39.8,20,1,1,1,0,,230.8,0,normal,0.167,7,0.01,0
1785480182.9707348,1785480182.9707813,0.0,0.0,0.0,0.0,0.0,0.0,-1.0,0,0,0.0,0.0,0.0,0.0,0.0,0.0,0.0,0.0,0.0,0.0,-1.0,-1.0,1.7511168700024378,-11.860860175556674,-3.0617978222351994,0.0,0.0,0.0,0.0,0.0,0.0,0,0,0.0,STOPPED,45.0,20,1,1,1,0,,230.8,0,normal,0.167,7,0.03,0
1785480183.0175452,1785480183.0175545,0.0,0.0,0.0,0.0,0.0,0.0,-1.0,0,0,0.0,0.0,0.0,0.0,0.0,0.0,0.0,0.0,0.0,0.0,-1.0,-1.0,1.7511168700024378,-11.860860175556674,-3.0617978222351994,0.0,0.0,0.0,0.0,0.0,0.0,0,0,0.0,STOPPED,45.0,20,1,1,1,0,,230.8,0,normal,0.167,7,0.01,0
1785480183.0747356,1785480183.0747848,0.0,0.0,0.0,0.0,0.0,0.0,-1.0,0,0,0.0,0.0,0.0,0.0,0.0,0.0,0.0,0.0,0.0,0.0,-1.0,-1.0,1.7511168700024378,-11.860860175556674,-3.0617978222351994,0.0,0.0,0.0,0.0,0.0,0.0,0,0,0.0,STOPPED,49.4,20,1,1,1,0,,230.8,0,normal,0.167,7,0.03,0
1785480183.1291254,1785480183.129161,0.0,0.0,0.0,0.0,0.0,0.0,-1.0,0,0,0.0,0.0,0.0,0.0,0.0,0.0,0.0,0.0,0.0,0.0,-1.0,-1.0,1.7511168700024378,-11.860860175556674,-3.0617978222351994,0.0,0.0,0.0,0.0,0.0,0.0,0,0,0.0,STOPPED,49.4,20,1,1,1,0,,230.8,0,normal,0.167,7,0.02,0
1785480183.1832962,1785480183.183342,0.0,0.0,0.0,0.0,0.0,0.0,-1.0,0,0,0.0,0.0,0.0,0.0,0.0,0.0,0.0,0.0,0.0,0.0,-1.0,-1.0,1.7511168700024378,-11.860860175556674,-3.0617978222351994,0.0,0.0,0.0,0.0,0.0,0.0,0,0,0.0,STOPPED,45.0,20,1,1,1,0,,230.8,0,normal,0.167,7,0.03,0
1785480183.2319424,1785480183.2319746,0.0,0.0,0.0,0.0,0.0,0.0,-1.0,0,0,0.0,0.0,0.0,0.0,0.0,0.0,0.0,0.0,0.0,0.0,-1.0,-1.0,1.7511168700024378,-11.860860175556674,-3.0617978222351994,0.0,0.0,0.0,0.0,0.0,0.0,0,0,0.0,STOPPED,45.0,20,1,1,1,0,,230.8,0,normal,0.167,7,0.02,0
1785480183.2825754,1785480183.282606,0.0,0.0,0.0,0.0,0.0,0.0,-1.0,0,0,0.0,0.0,0.0,0.0,0.0,0.0,0.0,0.0,0.0,0.0,-1.0,-1.0,1.7511168700024378,-11.860860175556674,-3.0617978222351994,0.0,0.0,0.0,0.0,0.0,0.0,0,0,0.0,STOPPED,45.0,20,1,1,1,0,,230.8,0,normal,0.167,7,0.01,0
1785480183.3334932,1785480183.3335066,0.0,0.0,0.0,0.0,0.0,0.0,-1.0,0,0,0.0,0.0,0.0,0.0,0.0,0.0,0.0,0.0,0.0,0.0,-1.0,-1.0,1.7511168700024378,-11.860860175556674,-3.0617978222351994,0.0,0.0,0.0,0.0,0.0,0.0,0,0,0.0,STOPPED,45.0,20,1,1,1,0,,230.8,0,normal,0.167,7,0.02,0
1785480183.380642,1785480183.380652,0.0,0.0,0.0,0.0,0.0,0.0,-1.0,0,0,0.0,0.0,0.0,0.0,0.0,0.0,0.0,0.0,0.0,0.0,-1.0,-1.0,1.7511168700024378,-11.860860175556674,-3.0617978222351994,0.0,0.0,0.0,0.0,0.0,0.0,0,0,0.0,STOPPED,45.0,20,1,1,1,0,,230.8,0,normal,0.167,7,0.03,0
1785480183.426437,1785480183.426451,0.0,0.0,0.0,0.0,0.0,0.0,-1.0,0,0,0.0,0.0,0.0,0.0,0.0,0.0,0.0,0.0,0.0,0.0,-1.0,-1.0,1.7511168700024378,-11.860860175556674,-3.0617978222351994,0.0,0.0,0.0,0.0,0.0,0.0,0,0,0.0,STOPPED,45.0,20,1,1,1,0,,230.8,0,normal,0.167,7,0.01,0
1785480183.4712598,1785480183.4712684,0.0,0.0,0.0,0.0,0.0,0.0,-1.0,0,0,0.0,0.0,0.0,0.0,0.0,0.0,0.0,0.0,0.0,0.0,-1.0,-1.0,1.7511168700024378,-11.860860175556674,-3.0617978222351994,0.0,0.0,0.0,0.0,0.0,0.0,0,0,0.0,STOPPED,45.0,20,1,1,1,0,,230.8,0,normal,0.167,7,0.01,0
1785480183.5162616,1785480183.5162714,0.0,0.0,0.0,0.0,0.0,0.0,-1.0,0,0,0.0,0.0,0.0,0.0,0.0,0.0,0.0,0.0,0.0,0.0,-1.0,-1.0,1.7511168700024378,-11.860860175556674,-3.0617978222351994,0.0,0.0,0.0,0.0,0.0,0.0,0,0,0.0,STOPPED,39.8,20,1,1,1,0,,230.8,0,normal,0.167,7,0.01,0
1785480183.5705855,1785480183.570652,0.0,0.0,0.0,0.0,0.0,0.0,-1.0,0,0,0.0,0.0,0.0,0.0,0.0,0.0,0.0,0.0,0.0,0.0,-1.0,-1.0,1.7511168700024378,-11.860860175556674,-3.0617978222351994,0.0,0.0,0.0,0.0,0.0,0.0,0,0,0.0,STOPPED,45.0,20,1,1,1,0,,230.8,0,normal,0.167,7,0.03,0
1785480183.6178644,1785480183.6178799,0.0,0.0,0.0,0.0,0.0,0.0,-1.0,0,0,0.0,0.0,0.0,0.0,0.0,0.0,0.0,0.0,0.0,0.0,-1.0,-1.0,1.7511168700024378,-11.860860175556674,-3.0617978222351994,0.0,0.0,0.0,0.0,0.0,0.0,0,0,0.0,STOPPED,45.0,20,1,1,1,0,,230.8,0,normal,0.167,7,0.01,0
1785480183.670082,1785480183.6701014,0.0,0.0,0.0,0.0,0.0,0.0,-1.0,0,0,0.0,0.0,0.0,0.0,0.0,0.0,0.0,0.0,0.0,0.0,-1.0,-1.0,1.7511168700024378,-11.860860175556674,-3.0617978222351994,0.0,0.0,0.0,0.0,0.0,0.0,0,0,0.0,STOPPED,45.0,20,1,1,1,0,,230.8,0,normal,0.167,7,0.02,0
1785480183.7162337,1785480183.7162437,0.0,0.0,0.0,0.0,0.0,0.0,-1.0,0,0,0.0,0.0,0.0,0.0,0.0,0.0,0.0,0.0,0.0,0.0,-1.0,-1.0,1.7511168700024378,-11.860860175556674,-3.0617978222351994,0.0,0.0,0.0,0.0,0.0,0.0,0,0,0.0,STOPPED,39.8,20,1,1,1,0,,230.8,0,normal,0.167,7,0.04,0
1785480183.766521,1785480183.7665436,0.0,0.0,0.0,0.0,0.0,0.0,-1.0,0,0,0.0,0.0,0.0,0.0,0.0,0.0,0.0,0.0,0.0,0.0,-1.0,-1.0,1.7511168700024378,-11.860860175556674,-3.0617978222351994,0.0,0.0,0.0,0.0,0.0,0.0,0,0,0.0,STOPPED,45.0,20,1,1,1,0,,230.8,0,normal,0.167,7,0.02,0
1785480183.8174245,1785480183.8174708,0.0,0.0,0.0,0.0,0.0,0.0,-1.0,0,0,0.0,0.0,0.0,0.0,0.0,0.0,0.0,0.0,0.0,0.0,-1.0,-1.0,1.7511168700024378,-11.860860175556674,-3.0617978222351994,0.0,0.0,0.0,0.0,0.0,0.0,0,0,0.0,STOPPED,45.0,20,1,1,1,0,,230.8,0,normal,0.167,7,0.03,0
1785480183.8665009,1785480183.8665142,0.0,0.0,0.0,0.0,0.0,0.0,-1.0,0,0,0.0,0.0,0.0,0.0,0.0,0.0,0.0,0.0,0.0,0.0,-1.0,-1.0,1.7511168700024378,-11.860860175556674,-3.0617978222351994,0.0,0.0,0.0,0.0,0.0,0.0,0,0,0.0,STOPPED,39.8,20,1,1,1,0,,230.8,0,normal,0.167,7,0.02,0
1785480183.9163418,1785480183.9163554,0.0,0.0,0.0,0.0,0.0,0.0,-1.0,0,0,0.0,0.0,0.0,0.0,0.0,0.0,0.0,0.0,0.0,0.0,-1.0,-1.0,1.7511168700024378,-11.860860175556674,-3.0617978222351994,0.0,0.0,0.0,0.0,0.0,0.0,0,0,0.0,STOPPED,45.0,20,1,1,1,0,,230.8,0,normal,0.167,7,0.04,0
1785480183.9666204,1785480183.966648,0.0,0.0,0.0,0.0,0.0,0.0,-1.0,0,0,0.0,0.0,0.0,0.0,0.0,0.0,0.0,0.0,0.0,0.0,-1.0,-1.0,1.7511168700024378,-11.860860175556674,-3.0617978222351994,0.0,0.0,0.0,0.0,0.0,0.0,0,0,0.0,STOPPED,45.0,20,1,1,1,0,,230.8,0,normal,0.167,7,0.02,0
1785480184.0163121,1785480184.0163302,0.0,0.0,0.0,0.0,0.0,0.0,-1.0,0,0,0.0,0.0,0.0,0.0,0.0,0.0,0.0,0.0,0.0,0.0,-1.0,-1.0,1.7511168700024378,-11.860860175556674,-3.0617978222351994,0.0,0.0,0.0,0.0,0.0,0.0,0,0,0.0,STOPPED,45.0,20,1,1,1,0,,230.8,0,normal,0.167,7,0.01,0
1785480184.0688493,1785480184.0688837,0.0,0.0,0.0,0.0,0.0,0.0,-1.0,0,0,0.0,0.0,0.0,0.0,0.0,0.0,0.0,0.0,0.0,0.0,-1.0,-1.0,1.7511168700024378,-11.860860175556674,-3.0617978222351994,0.0,0.0,0.0,0.0,0.0,0.0,0,0,0.0,STOPPED,45.0,20,1,1,1,0,,230.8,0,normal,0.167,7,0.02,0
1785480184.1163275,1785480184.1163466,0.0,0.0,0.0,0.0,0.0,0.0,-1.0,0,0,0.0,0.0,0.0,0.0,0.0,0.0,0.0,0.0,0.0,0.0,-1.0,-1.0,1.7511168700024378,-11.860860175556674,-3.0617978222351994,0.0,0.0,0.0,0.0,0.0,0.0,0,0,0.0,STOPPED,49.4,20,1,1,1,0,,230.8,0,normal,0.167,7,0.0,0
1785480184.1665154,1785480184.1665478,0.0,0.0,0.0,0.0,0.0,0.0,-1.0,0,0,0.0,0.0,0.0,0.0,0.0,0.0,0.0,0.0,0.0,0.0,-1.0,-1.0,1.7511168700024378,-11.860860175556674,-3.0617978222351994,0.0,0.0,0.0,0.0,0.0,0.0,0,0,0.0,STOPPED,45.0,20,1,1,1,0,,230.8,0,normal,0.167,7,0.02,0
1785480184.2165852,1785480184.216623,0.0,0.0,0.0,0.0,0.0,0.0,-1.0,0,0,0.0,0.0,0.0,0.0,0.0,0.0,0.0,0.0,0.0,0.0,-1.0,-1.0,1.7511168700024378,-11.860860175556674,-3.0617978222351994,0.0,0.0,0.0,0.0,0.0,0.0,0,0,0.0,STOPPED,49.4,20,1,1,1,0,,230.8,0,normal,0.167,7,0.01,0
1785480184.2701457,1785480184.2701821,0.0,0.0,0.0,0.0,0.0,0.0,-1.0,0,0,0.0,0.0,0.0,0.0,0.0,0.0,0.0,0.0,0.0,0.0,-1.0,-1.0,1.7511168700024378,-11.860860175556674,-3.0617978222351994,0.0,0.0,0.0,0.0,0.0,0.0,0,0,0.0,STOPPED,45.0,20,1,1,1,0,,230.8,0,normal,0.167,7,0.02,0
1785480184.3162384,1785480184.316249,0.0,0.0,0.0,0.0,0.0,0.0,-1.0,0,0,0.0,0.0,0.0,0.0,0.0,0.0,0.0,0.0,0.0,0.0,-1.0,-1.0,1.7511168700024378,-11.860860175556674,-3.0617978222351994,0.0,0.0,0.0,0.0,0.0,0.0,0,0,0.0,STOPPED,39.8,20,1,1,1,0,,230.8,0,normal,0.167,7,0.0,0
1785480184.3664255,1785480184.3664448,0.0,0.0,0.0,0.0,0.0,0.0,-1.0,0,0,0.0,0.0,0.0,0.0,0.0,0.0,0.0,0.0,0.0,0.0,-1.0,-1.0,1.7511168700024378,-11.860860175556674,-3.0617978222351994,0.0,0.0,0.0,0.0,0.0,0.0,0,0,0.0,STOPPED,45.0,20,1,1,1,0,,230.8,0,normal,0.167,7,0.02,0
1785480184.4163635,1785480184.4163787,0.0,0.0,0.0,0.0,0.0,0.0,-1.0,0,0,0.0,0.0,0.0,0.0,0.0,0.0,0.0,0.0,0.0,0.0,-1.0,-1.0,1.7511168700024378,-11.860860175556674,-3.0617978222351994,0.0,0.0,0.0,0.0,0.0,0.0,0,0,0.0,STOPPED,45.0,20,1,1,1,0,,230.8,0,normal,0.167,7,0.0,0
1785480184.4674551,1785480184.4674652,0.0,0.0,0.0,0.0,0.0,0.0,-1.0,0,0,0.0,0.0,0.0,0.0,0.0,0.0,0.0,0.0,0.0,0.0,-1.0,-1.0,1.7511168700024378,-11.860860175556674,-3.0617978222351994,0.0,0.0,0.0,0.0,0.0,0.0,0,0,0.0,STOPPED,45.0,20,1,1,1,0,,230.8,0,normal,0.167,7,0.03,0
1785480184.5171604,1785480184.5171921,0.0,0.0,0.0,0.0,0.0,0.0,-1.0,0,0,0.0,0.0,0.0,0.0,0.0,0.0,0.0,0.0,0.0,0.0,-1.0,-1.0,1.7511168700024378,-11.860860175556674,-3.0617978222351994,0.0,0.0,0.0,0.0,0.0,0.0,0,0,0.0,STOPPED,45.0,20,1,1,1,0,,230.8,0,normal,0.167,7,0.03,0
1785480184.5666375,1785480184.566685,0.0,0.0,0.0,0.0,0.0,0.0,-1.0,0,0,0.0,0.0,0.0,0.0,0.0,0.0,0.0,0.0,0.0,0.0,-1.0,-1.0,1.7511168700024378,-11.860860175556674,-3.0617978222351994,0.0,0.0,0.0,0.0,0.0,0.0,0,0,0.0,STOPPED,49.4,20,1,1,1,0,,230.8,0,normal,0.167,7,0.02,0
1785480184.6164498,1785480184.6164823,0.0,0.0,0.0,0.0,0.0,0.0,-1.0,0,0,0.0,0.0,0.0,0.0,0.0,0.0,0.0,0.0,0.0,0.0,-1.0,-1.0,1.7511168700024378,-11.860860175556674,-3.0617978222351994,0.0,0.0,0.0,0.0,0.0,0.0,0,0,0.0,STOPPED,45.0,20,1,1,1,0,,230.8,0,normal,0.167,7,0.0,0
1785480184.6677961,1785480184.6678267,0.0,0.0,0.0,0.0,0.0,0.0,-1.0,0,0,0.0,0.0,0.0,0.0,0.0,0.0,0.0,0.0,0.0,0.0,-1.0,-1.0,1.7511168700024378,-11.860860175556674,-3.0617978222351994,0.0,0.0,0.0,0.0,0.0,0.0,0,0,0.0,STOPPED,45.0,20,1,1,1,0,,230.8,0,normal,0.167,7,0.02,0
1785480184.7164116,1785480184.716429,0.0,0.0,0.0,0.0,0.0,0.0,-1.0,0,0,0.0,0.0,0.0,0.0,0.0,0.0,0.0,0.0,0.0,0.0,-1.0,-1.0,1.7511168700024378,-11.860860175556674,-3.0617978222351994,0.0,0.0,0.0,0.0,0.0,0.0,0,0,0.0,STOPPED,45.0,20,1,1,1,0,,230.8,0,normal,0.167,7,0.0,0
1785480184.7670634,1785480184.7670977,0.0,0.0,0.0,0.0,0.0,0.0,-1.0,0,0,0.0,0.0,0.0,0.0,0.0,0.0,0.0,0.0,0.0,0.0,-1.0,-1.0,1.7511168700024378,-11.860860175556674,-3.0617978222351994,0.0,0.0,0.0,0.0,0.0,0.0,0,0,0.0,STOPPED,53.1,20,1,1,1,0,,230.8,0,normal,0.167,7,0.02,0
1785480184.816312,1785480184.8163304,0.0,0.0,0.0,0.0,0.0,0.0,-1.0,0,0,0.0,0.0,0.0,0.0,0.0,0.0,0.0,0.0,0.0,0.0,-1.0,-1.0,1.7511168700024378,-11.860860175556674,-3.0617978222351994,0.0,0.0,0.0,0.0,0.0,0.0,0,0,0.0,STOPPED,45.0,20,1,1,1,0,,230.8,0,normal,0.167,7,0.0,0
1785480184.8678818,1785480184.8679233,0.0,0.0,0.0,0.0,0.0,0.0,-1.0,0,0,0.0,0.0,0.0,0.0,0.0,0.0,0.0,0.0,0.0,0.0,-1.0,-1.0,1.7511168700024378,-11.860860175556674,-3.0617978222351994,0.0,0.0,0.0,0.0,0.0,0.0,0,0,0.0,STOPPED,45.0,20,1,1,1,0,,230.8,0,normal,0.167,7,0.02,0
1785480184.9163375,1785480184.916352,0.0,0.0,0.0,0.0,0.0,0.0,-1.0,0,0,0.0,0.0,0.0,0.0,0.0,0.0,0.0,0.0,0.0,0.0,-1.0,-1.0,1.7511168700024378,-11.860860175556674,-3.0617978222351994,0.0,0.0,0.0,0.0,0.0,0.0,0,0,0.0,STOPPED,49.4,20,1,1,1,0,,230.8,0,normal,0.167,7,0.0,0
1785480184.9672153,1785480184.967225,0.0,0.0,0.0,0.0,0.0,0.0,-1.0,0,0,0.0,0.0,0.0,0.0,0.0,0.0,0.0,0.0,0.0,0.0,-1.0,-1.0,1.7511168700024378,-11.860860175556674,-3.0617978222351994,0.0,0.0,0.0,0.0,0.0,0.0,0,0,0.0,STOPPED,45.0,20,1,1,1,0,,230.8,0,normal,0.167,7,0.02,0
1785480185.0164955,1785480185.016514,0.0,0.0,0.0,0.0,0.0,0.0,-1.0,0,0,0.0,0.0,0.0,0.0,0.0,0.0,0.0,0.0,0.0,0.0,-1.0,-1.0,1.7511168700024378,-11.860860175556674,-3.0617978222351994,0.0,0.0,0.0,0.0,0.0,0.0,0,0,0.0,STOPPED,45.0,20,1,1,1,0,,230.8,0,normal,0.167,7,0.01,0
1785480185.068932,1785480185.0689666,0.0,0.0,0.0,0.0,0.0,0.0,-1.0,0,0,0.0,0.0,0.0,0.0,0.0,0.0,0.0,0.0,0.0,0.0,-1.0,-1.0,1.7511168700024378,-11.860860175556674,-3.0617978222351994,0.0,0.0,0.0,0.0,0.0,0.0,0,0,0.0,STOPPED,45.0,20,1,1,1,0,,230.8,0,normal,0.167,7,0.02,0
1785480185.1163356,1785480185.11635,0.0,0.0,0.0,0.0,0.0,0.0,-1.0,0,0,0.0,0.0,0.0,0.0,0.0,0.0,0.0,0.0,0.0,0.0,-1.0,-1.0,1.7511168700024378,-11.860860175556674,-3.0617978222351994,0.0,0.0,0.0,0.0,0.0,0.0,0,0,0.0,STOPPED,45.0,20,1,1,1,0,,230.8,0,normal,0.167,7,0.01,0
1785480185.166409,1785480185.1664495,0.0,0.0,0.0,0.0,0.0,0.0,-1.0,0,0,0.0,0.0,0.0,0.0,0.0,0.0,0.0,0.0,0.0,0.0,-1.0,-1.0,1.7511168700024378,-11.860860175556674,-3.0617978222351994,0.0,0.0,0.0,0.0,0.0,0.0,0,0,0.0,STOPPED,45.0,20,1,1,1,0,,230.8,0,normal,0.167,7,0.02,0
1785480185.2163615,1785480185.2163804,0.0,0.0,0.0,0.0,0.0,0.0,-1.0,0,0,0.0,0.0,0.0,0.0,0.0,0.0,0.0,0.0,0.0,0.0,-1.0,-1.0,1.7511168700024378,-11.860860175556674,-3.0617978222351994,0.0,0.0,0.0,0.0,0.0,0.0,0,0,0.0,STOPPED,33.7,20,1,1,1,0,,230.8,0,normal,0.167,7,0.01,0
1785480185.2664535,1785480185.266486,0.0,0.0,0.0,0.0,0.0,0.0,-1.0,0,0,0.0,0.0,0.0,0.0,0.0,0.0,0.0,0.0,0.0,0.0,-1.0,-1.0,1.7511168700024378,-11.860860175556674,-3.0617978222351994,0.0,0.0,0.0,0.0,0.0,0.0,0,0,0.0,STOPPED,49.4,20,1,1,1,0,,230.8,0,normal,0.167,7,0.02,0
1785480185.316463,1785480185.3164952,0.0,0.0,0.0,0.0,0.0,0.0,-1.0,0,0,0.0,0.0,0.0,0.0,0.0,0.0,0.0,0.0,0.0,0.0,-1.0,-1.0,1.7511168700024378,-11.860860175556674,-3.0617978222351994,0.0,0.0,0.0,0.0,0.0,0.0,0,0,0.0,STOPPED,45.0,20,1,1,1,0,,230.8,0,normal,0.167,7,0.0,0
1785480185.3696952,1785480185.3697085,0.0,0.0,0.0,0.0,0.0,0.0,-1.0,0,0,0.0,0.0,0.0,0.0,0.0,0.0,0.0,0.0,0.0,0.0,-1.0,-1.0,1.7511168700024378,-11.860860175556674,-3.0617978222351994,0.0,0.0,0.0,0.0,0.0,0.0,0,0,0.0,STOPPED,49.4,20,1,1,1,0,,230.8,0,normal,0.167,7,0.02,0
1785480185.4178548,1785480185.4178889,0.0,0.0,0.0,0.0,0.0,0.0,-1.0,0,0,0.0,0.0,0.0,0.0,0.0,0.0,0.0,0.0,0.0,0.0,-1.0,-1.0,1.7511168700024378,-11.860860175556674,-3.0617978222351994,0.0,0.0,0.0,0.0,0.0,0.0,0,0,0.0,STOPPED,45.0,20,1,1,1,0,,230.8,0,normal,0.167,7,0.03,0
1785480185.467171,1785480185.4672146,0.0,0.0,0.0,0.0,0.0,0.0,-1.0,0,0,0.0,0.0,0.0,0.0,0.0,0.0,0.0,0.0,0.0,0.0,-1.0,-1.0,1.7511168700024378,-11.860860175556674,-3.0617978222351994,0.0,0.0,0.0,0.0,0.0,0.0,0,0,0.0,STOPPED,45.0,20,1,1,1,0,,230.8,0,normal,0.167,7,0.02,0
1785480185.5162919,1785480185.5163038,0.0,0.0,0.0,0.0,0.0,0.0,-1.0,0,0,0.0,0.0,0.0,0.0,0.0,0.0,0.0,0.0,0.0,0.0,-1.0,-1.0,1.7511168700024378,-11.860860175556674,-3.0617978222351994,0.0,0.0,0.0,0.0,0.0,0.0,0,0,0.0,STOPPED,45.0,20,1,1,1,0,,230.8,0,normal,0.167,7,0.03,0
1785480185.5665116,1785480185.566553,0.0,0.0,0.0,0.0,0.0,0.0,-1.0,0,0,0.0,0.0,0.0,0.0,0.0,0.0,0.0,0.0,0.0,0.0,-1.0,-1.0,1.7511168700024378,-11.860860175556674,-3.0617978222351994,0.0,0.0,0.0,0.0,0.0,0.0,0,0,0.0,STOPPED,45.0,20,1,1,1,0,,230.8,0,normal,0.167,7,0.02,0
1785480185.616744,1785480185.6167881,0.0,0.0,0.0,0.0,0.0,0.0,-1.0,0,0,0.0,0.0,0.0,0.0,0.0,0.0,0.0,0.0,0.0,0.0,-1.0,-1.0,1.7511168700024378,-11.860860175556674,-3.0617978222351994,0.0,0.0,0.0,0.0,0.0,0.0,0,0,0.0,STOPPED,45.0,20,1,1,1,0,,230.8,0,normal,0.167,7,0.01,0
1785480185.6696663,1785480185.6696982,0.0,0.0,0.0,0.0,0.0,0.0,-1.0,0,0,0.0,0.0,0.0,0.0,0.0,0.0,0.0,0.0,0.0,0.0,-1.0,-1.0,1.7511168700024378,-11.860860175556674,-3.0617978222351994,0.0,0.0,0.0,0.0,0.0,0.0,0,0,0.0,STOPPED,45.0,20,1,1,1,0,,230.8,0,normal,0.167,7,0.02,0
1785480185.7179568,1785480185.7180133,0.0,0.0,0.0,0.0,0.0,0.0,-1.0,0,0,0.0,0.0,0.0,0.0,0.0,0.0,0.0,0.0,0.0,0.0,-1.0,-1.0,1.7511168700024378,-11.860860175556674,-3.0617978222351994,0.0,0.0,0.0,0.0,0.0,0.0,0,0,0.0,STOPPED,45.0,20,1,1,1,0,,230.8,0,normal,0.167,7,0.01,0
1785480185.7665553,1785480185.7665653,0.0,0.0,0.0,0.0,0.0,0.0,-1.0,0,0,0.0,0.0,0.0,0.0,0.0,0.0,0.0,0.0,0.0,0.0,-1.0,-1.0,1.7511168700024378,-11.860860175556674,-3.0617978222351994,0.0,0.0,0.0,0.0,0.0,0.0,0,0,0.0,STOPPED,45.0,20,1,1,1,0,,230.8,0,normal,0.167,7,0.02,0
1785480185.816529,1785480185.8165607,0.0,0.0,0.0,0.0,0.0,0.0,-1.0,0,0,0.0,0.0,0.0,0.0,0.0,0.0,0.0,0.0,0.0,0.0,-1.0,-1.0,1.7511168700024378,-11.860860175556674,-3.0617978222351994,0.0,0.0,0.0,0.0,0.0,0.0,0,0,0.0,STOPPED,39.8,20,1,1,1,0,,230.8,0,normal,0.167,7,0.01,0
1785480185.8697336,1785480185.8697646,0.0,0.0,0.0,0.0,0.0,0.0,-1.0,0,0,0.0,0.0,0.0,0.0,0.0,0.0,0.0,0.0,0.0,0.0,-1.0,-1.0,1.7511168700024378,-11.860860175556674,-3.0617978222351994,0.0,0.0,0.0,0.0,0.0,0.0,0,0,0.0,STOPPED,45.0,20,1,1,1,0,,230.8,0,normal,0.167,7,0.02,0
1785480185.9172914,1785480185.917325,0.0,0.0,0.0,0.0,0.0,0.0,-1.0,0,0,0.0,0.0,0.0,0.0,0.0,0.0,0.0,0.0,0.0,0.0,-1.0,-1.0,1.7511168700024378,-11.860860175556674,-3.0617978222351994,0.0,0.0,0.0,0.0,0.0,0.0,0,0,0.0,STOPPED,39.8,20,1,1,1,0,,230.8,0,normal,0.167,7,0.01,0
1785480185.9692836,1785480185.9693153,0.0,0.0,0.0,0.0,0.0,0.0,-1.0,0,0,0.0,0.0,0.0,0.0,0.0,0.0,0.0,0.0,0.0,0.0,-1.0,-1.0,1.7511168700024378,-11.860860175556674,-3.0617978222351994,0.0,0.0,0.0,0.0,0.0,0.0,0,0,0.0,STOPPED,45.0,20,1,1,1,0,,230.8,0,normal,0.167,7,0.02,0
1785480186.0165422,1785480186.0165613,0.0,0.0,0.0,0.0,0.0,0.0,-1.0,0,0,0.0,0.0,0.0,0.0,0.0,0.0,0.0,0.0,0.0,0.0,-1.0,-1.0,1.7511168700024378,-11.860860175556674,-3.0617978222351994,0.0,0.0,0.0,0.0,0.0,0.0,0,0,0.0,STOPPED,45.0,20,1,1,1,0,,230.8,0,normal,0.167,7,0.0,0
1785480186.0702357,1785480186.0702684,0.0,0.0,0.0,0.0,0.0,0.0,-1.0,0,0,0.0,0.0,0.0,0.0,0.0,0.0,0.0,0.0,0.0,0.0,-1.0,-1.0,1.7511168700024378,-11.860860175556674,-3.0617978222351994,0.0,0.0,0.0,0.0,0.0,0.0,0,0,0.0,STOPPED,39.8,20,1,1,1,0,,230.8,0,normal,0.167,7,0.02,0
1785480186.1168053,1785480186.1168354,0.0,0.0,0.0,0.0,0.0,0.0,-1.0,0,0,0.0,0.0,0.0,0.0,0.0,0.0,0.0,0.0,0.0,0.0,-1.0,-1.0,1.7511168700024378,-11.860860175556674,-3.0617978222351994,0.0,0.0,0.0,0.0,0.0,0.0,0,0,0.0,STOPPED,45.0,20,1,1,1,0,,230.8,0,normal,0.167,7,0.01,0
1785480186.1670656,1785480186.1671062,0.0,0.0,0.0,0.0,0.0,0.0,-1.0,0,0,0.0,0.0,0.0,0.0,0.0,0.0,0.0,0.0,0.0,0.0,-1.0,-1.0,1.7511168700024378,-11.860860175556674,-3.0617978222351994,0.0,0.0,0.0,0.0,0.0,0.0,0,0,0.0,STOPPED,45.0,20,1,1,1,0,,230.8,0,normal,0.167,7,0.02,0
1785480186.2164583,1785480186.2164903,0.0,0.0,0.0,0.0,0.0,0.0,-1.0,0,0,0.0,0.0,0.0,0.0,0.0,0.0,0.0,0.0,0.0,0.0,-1.0,-1.0,1.7511168700024378,-11.860860175556674,-3.0617978222351994,0.0,0.0,0.0,0.0,0.0,0.0,0,0,0.0,STOPPED,49.4,20,1,1,1,0,,230.8,0,normal,0.167,7,0.01,0
1785480186.270141,1785480186.2701557,0.0,0.0,0.0,0.0,0.0,0.0,-1.0,0,0,0.0,0.0,0.0,0.0,0.0,0.0,0.0,0.0,0.0,0.0,-1.0,-1.0,1.7511168700024378,-11.860860175556674,-3.0617978222351994,0.0,0.0,0.0,0.0,0.0,0.0,0,0,0.0,STOPPED,33.7,20,1,1,1,0,,230.8,0,normal,0.167,7,0.03,0
1785480186.3184419,1785480186.3184774,0.0,0.0,0.0,0.0,0.0,0.0,-1.0,0,0,0.0,0.0,0.0,0.0,0.0,0.0,0.0,0.0,0.0,0.0,-1.0,-1.0,1.7511168700024378,-11.860860175556674,-3.0617978222351994,0.0,0.0,0.0,0.0,0.0,0.0,0,0,0.0,STOPPED,39.8,20,1,1,1,0,,230.8,0,normal,0.167,7,0.01,0
1785480186.370364,1785480186.3703985,0.0,0.0,0.0,0.0,0.0,0.0,-1.0,0,0,0.0,0.0,0.0,0.0,0.0,0.0,0.0,0.0,0.0,0.0,-1.0,-1.0,1.7511168700024378,-11.860860175556674,-3.0617978222351994,0.0,0.0,0.0,0.0,0.0,0.0,0,0,0.0,STOPPED,45.0,20,1,1,1,0,,230.8,0,normal,0.167,7,0.03,0
1785480186.4198687,1785480186.4199002,0.0,0.0,0.0,0.0,0.0,0.0,-1.0,0,0,0.0,0.0,0.0,0.0,0.0,0.0,0.0,0.0,0.0,0.0,-1.0,-1.0,1.7511168700024378,-11.860860175556674,-3.0617978222351994,0.0,0.0,0.0,0.0,0.0,0.0,0,0,0.0,STOPPED,49.4,20,1,1,1,0,,230.8,0,normal,0.167,7,0.01,0
1785480186.471546,1785480186.4715807,0.0,0.0,0.0,0.0,0.0,0.0,-1.0,0,0,0.0,0.0,0.0,0.0,0.0,0.0,0.0,0.0,0.0,0.0,-1.0,-1.0,1.7511168700024378,-11.860860175556674,-3.0617978222351994,0.0,0.0,0.0,0.0,0.0,0.0,0,0,0.0,STOPPED,39.8,20,1,1,1,0,,230.8,0,normal,0.167,7,0.03,0
1785480186.5201182,1785480186.5201552,0.0,0.0,0.0,0.0,0.0,0.0,-1.0,0,0,0.0,0.0,0.0,0.0,0.0,0.0,0.0,0.0,0.0,0.0,-1.0,-1.0,1.7511168700024378,-11.860860175556674,-3.0617978222351994,0.0,0.0,0.0,0.0,0.0,0.0,0,0,0.0,STOPPED,45.0,20,1,1,1,0,,230.8,0,normal,0.167,7,0.01,0
1785480186.569751,1785480186.569785,0.0,0.0,0.0,0.0,0.0,0.0,-1.0,0,0,0.0,0.0,0.0,0.0,0.0,0.0,0.0,0.0,0.0,0.0,-1.0,-1.0,1.7511168700024378,-11.860860175556674,-3.0617978222351994,0.0,0.0,0.0,0.0,0.0,0.0,0,0,0.0,STOPPED,45.0,20,1,1,1,0,,230.8,0,normal,0.167,7,0.02,0
